Continent,Country,City,lat,lng,iso2,iso3,admin_name,capital,population,id,Jan,Feb,Mar,Apr,May,Jun,Jul,Aug,Sep,Oct,Nov,Dec,Year
Africa,Algeria,Algiers,36.7764,3.0586,DZ,DZA,Alger,primary,3415811.0,1012973369,11.2,11.5,13.6,15.6,18.8,22.6,25.7,26.6,23.9,20.4,15.7,12.6,18.2
Africa,Algeria,Tamanrasset,22.785,5.5228,DZ,DZA,Tamanrasset,admin,76000.0,1012765474,12.8,15.0,18.1,22.2,26.1,28.9,28.7,28.2,26.5,22.4,17.3,13.9,21.7
Africa,Algeria,Reggane,26.7,0.1667,DZ,DZA,Adrar,,20402.0,1012709576,16.0,18.2,23.1,27.9,32.2,36.4,39.8,38.4,35.5,29.2,22.0,17.8,28.3
Africa,Angola,Luanda,-8.8383,13.2344,AO,AGO,Luanda,primary,8417000.0,1024949724,26.7,28.5,28.6,28.2,27.0,23.9,22.1,22.1,23.5,25.2,26.7,26.9,25.8
Africa,Benin,Cotonou,6.4,2.52,BJ,BEN,Littoral,primary,762000.0,1204955174,27.3,28.5,28.9,28.6,27.8,26.5,25.8,25.6,26.0,26.7,27.6,27.3,27.2
Africa,Benin,Parakou,9.34,2.62,BJ,BEN,Borgou,admin,188853.0,1204807468,26.5,28.7,29.6,29.0,27.5,26.1,25.1,24.7,25.0,26.1,26.6,26.1,26.8
Africa,Benin,Kandi,11.1304,2.94,BJ,BEN,Alibori,admin,109701.0,1204875413,24.9,27.8,30.9,32.1,30.4,28.1,26.4,26.0,26.2,27.8,26.5,24.8,27.7
Africa,Botswana,Maun,-19.9833,23.4167,BW,BWA,North West,admin,57067.0,1072985345,25.4,25.1,24.2,22.6,18.7,15.7,15.8,18.8,23.1,26.6,26.4,25.8,22.4
Africa,Botswana,Gaborone,-24.6569,25.9086,BW,BWA,Gaborone,primary,231626.0,1072756768,25.7,25.2,23.8,20.6,16.8,13.7,13.5,16.9,21.2,24.0,24.7,25.3,20.9
Africa,Botswana,Ghanzi,-21.7,21.65,BW,BWA,Ghanzi,admin,6306.0,1072132620,25.9,25.3,24.1,21.2,17.6,14.3,14.1,17.1,21.5,24.6,25.7,26.1,21.4
Africa,Burkina Faso,Ouagadougou,12.3572,-1.5353,BF,BFA,Centre,primary,1626950.0,1854029208,24.8,27.7,30.9,32.6,31.6,29.2,27.3,26.4,27.0,28.9,27.7,25.1,28.3
Africa,Burkina Faso,Ouahigouya,13.5833,-2.4167,BF,BFA,Nord,admin,79504.0,1854011699,24.2,27.1,30.4,33.0,33.2,30.8,27.9,27.2,27.8,29.6,27.4,24.6,28.6
Africa,Burundi,Bujumbura,-3.3825,29.3611,BI,BDI,Bujumbura Mairie,primary,658859.0,1108101689,23.8,23.8,23.7,23.9,23.9,23.3,22.9,24.0,24.7,24.6,23.4,23.6,23.8
Africa,Cameroon,Garoua,9.3,13.4,CM,CMR,Nord,admin,235996.0,1120803808,26.0,28.9,32.2,33.0,30.7,28.2,26.6,26.4,26.7,28.1,27.3,26.0,28.3
Africa,Cameroon,Douala,4.05,9.7,CM,CMR,Littoral,admin,2446945.0,1120494607,27.5,28.1,27.8,27.6,27.2,26.2,25.1,24.9,25.6,26.1,26.9,27.2,26.7
Africa,Central African Republic,Bangui,4.3732,18.5628,CF,CAF,Bangui,primary,889231.0,1140080881,26.0,27.1,27.4,27.1,26.5,25.3,25.1,25.1,25.4,25.5,25.7,25.7,26.0
Africa,Central African Republic,Birao,10.2837,22.7833,CF,CAF,Vakaga,admin,10178.0,1140392673,23.6,26.7,29.0,29.6,30.0,28.0,25.9,25.4,26.2,26.6,24.5,22.2,26.5
Africa,Chad,N’Djamena,12.11,15.05,TD,TCD,Ville de N’Djaména,primary,1092066.0,1148708596,23.3,26.9,30.4,33.8,33.5,31.0,28.2,26.5,27.8,29.2,27.3,24.0,28.3
Africa,Djibouti,Djibouti,11.595,43.1481,DJ,DJI,Djibouti,primary,562000.0,1262028958,25.1,25.7,27.0,28.7,31.0,34.2,36.4,36.0,33.1,29.3,26.9,25.4,29.9
Africa,Egypt,Cairo,30.0561,31.2394,EG,EGY,Al Qāhirah,primary,19372000.0,1818253931,13.6,14.9,16.9,21.2,24.5,27.3,27.6,27.4,26.0,23.3,18.9,15.0,21.4
Africa,Egypt,Alexandria,31.2,29.9167,EG,EGY,Al Iskandarīyah,admin,4870000.0,1818695837,13.4,13.9,15.7,18.5,21.2,24.3,25.9,26.3,25.1,22.0,18.7,14.9,20.0
Africa,Equatorial Guinea,Bata,1.865,9.77,GQ,GNQ,Litoral,admin,250770.0,1226528087,25.6,25.8,25.7,25.6,25.6,25.0,24.1,24.2,24.6,24.8,25.2,25.0,25.1
Africa,Equatorial Guinea,Malabo,3.7521,8.7737,GQ,GNQ,Bioko Norte,primary,187302.0,1226861333,26.9,27.7,27.6,27.2,26.7,25.9,25.3,25.0,25.1,25.5,26.1,26.6,26.3
Africa,Eritrea,Asmara,15.3333,38.9167,ER,ERI,Ma’ākel,primary,963000.0,1232791236,13.8,14.9,16.3,17.0,17.6,17.6,16.3,16.1,15.7,14.9,14.0,13.2,15.6
Africa,Eritrea,Assab,13.0078,42.7411,ER,ERI,Debubawī K’eyih Bahrī,admin,74405.0,1232396238,26.3,26.7,28.5,30.5,32.0,33.1,35.0,34.6,32.9,31.2,28.8,26.9,30.5
Africa,Ethiopia,Addis Ababa,9.0272,38.7369,ET,ETH,Ādīs Ābeba,primary,3041002.0,1231824991,16.0,16.8,17.8,17.8,18.2,16.8,15.5,15.6,16.1,16.1,15.4,15.2,16.4
Africa,Gabon,Libreville,0.3901,9.4544,GA,GAB,Estuaire,primary,797003.0,1266952885,26.8,27.0,27.1,26.6,26.7,25.4,24.3,24.3,25.4,25.7,25.9,26.2,25.9
Africa,Gabon,Port-Gentil,-0.7167,8.7833,GA,GAB,Ogooué-Maritime,admin,116836.0,1266383028,26.9,27.3,27.3,27.1,26.6,24.4,23.5,24.7,25.4,25.9,26.1,26.5,26.0
Africa,Ghana,Accra,5.6037,-0.187,GH,GHA,Greater Accra,primary,2291352.0,1288299415,27.3,27.7,27.7,27.7,27.2,25.6,24.4,24.3,25.2,26.0,27.0,27.2,26.4
Africa,Ghana,Tamale,9.4075,-0.8533,GH,GHA,Northern,admin,466723.0,1288890688,27.9,30.1,30.9,29.8,28.6,26.8,26.0,25.8,25.9,27.3,28.2,27.5,27.9
Africa,Ghana,Kumasi,6.6833,-1.6167,GH,GHA,Ashanti,admin,2069350.0,1288181103,27.4,28.8,28.5,28.0,27.5,26.3,25.3,24.9,25.8,26.6,27.4,27.3,27.0
Africa,Guinea,Conakry,9.5092,-13.7122,GN,GIN,Conakry,primary,1667864.0,1324568159,26.1,26.5,27.0,27.4,27.5,26.5,25.5,25.2,25.6,26.3,27.0,26.6,26.4
Africa,Guinea,Kankan,10.39,-9.31,GN,GIN,Kankan,admin,114009.0,1324495325,24.3,26.3,29.6,30.1,28.3,26.4,25.3,25.1,25.5,26.4,27.0,23.8,26.5
Africa,Guinea-Bissau,Bissau,11.8592,-15.5956,GW,GNB,Bissau,primary,395954.0,1624168850,24.4,25.6,26.6,27.0,27.5,26.9,26.1,26.4,26.4,27.0,26.9,24.8,26.3
Africa,Kenya,Mombasa,-4.05,39.6667,KE,KEN,Mombasa,admin,1200000.0,1404512373,27.6,28.1,28.3,27.6,26.2,24.8,24.0,24.0,24.7,25.7,26.9,27.4,26.3
Africa,Kenya,Nairobi,-1.2864,36.8172,KE,KEN,Nairobi City,primary,5545000.0,1404000661,18.0,18.8,19.4,19.2,17.8,16.3,15.6,15.9,17.3,18.5,18.4,18.1,17.8
Africa,Kenya,Garissa,-0.4569,39.6583,KE,KEN,Garissa,admin,65881.0,1404464692,29.7,30.6,31.4,30.7,29.6,27.9,27.4,27.6,28.4,29.7,29.9,29.2,29.3
Africa,Kenya,Lodwar,3.1167,35.6,KE,KEN,Turkana,admin,82970.0,1404993573,28.7,29.6,30.1,29.6,29.7,29.1,28.4,28.7,29.6,30.1,29.1,28.5,29.3
Africa,Libya,Tripoli,32.8752,13.1875,LY,LBY,Ţarābulus,primary,1126000.0,1434201852,12.7,13.9,15.3,18.7,21.9,25.3,26.7,27.7,26.2,21.5,16.8,13.9,20.1
Africa,Libya,Benghazi,32.1167,20.0667,LY,LBY,Banghāzī,admin,631555.0,1434915572,12.5,13.2,14.9,18.7,22.5,25.5,25.9,26.5,25.1,22.1,18.2,14.1,19.9
Africa,Madagascar,Fianarantsoa,-21.4333,47.0833,MG,MDG,Fianarantsoa,admin,184184.0,1450070223,20.8,20.8,20.0,18.9,16.7,14.5,14.0,14.4,16.2,18.3,19.7,20.4,17.9
Africa,Madagascar,Toamasina,-18.1492,49.4023,MG,MDG,Toamasina,admin,225116.0,1450540529,26.0,26.1,25.5,24.6,22.9,21.1,20.4,20.5,21.3,22.7,24.3,25.5,23.4
Africa,Madagascar,Antananarivo,-18.9386,47.5214,MG,MDG,Antananarivo,primary,2610000.0,1450978461,20.5,20.7,20.1,19.2,16.8,14.6,14.1,14.5,16.3,18.5,19.7,20.2,17.9
Africa,Madagascar,Antsiranana,-12.2765,49.3115,MG,MDG,Antsiranana,admin,82937.0,1450106928,26.0,26.0,26.2,26.3,25.4,24.1,23.5,23.4,24.1,25.2,26.3,26.5,25.2
Africa,Madagascar,Mahajanga,-15.67,46.345,MG,MDG,Mahajanga,admin,154657.0,1450421961,27.1,27.2,27.5,27.4,26.1,24.6,24.2,24.6,25.4,26.8,27.7,27.4,26.3
Africa,Madagascar,Toliara,-23.35,43.6667,MG,MDG,Toliara,admin,115319.0,1450593748,27.5,27.5,26.8,25.0,22.7,20.7,20.3,21.0,22.3,23.9,25.3,26.6,24.1
Africa,Malawi,Karonga,-9.9329,33.9333,MW,MWI,Karonga,admin,34207.0,1454358935,24.9,25.0,24.7,24.6,23.6,22.2,21.7,22.4,24.3,26.4,27.0,25.7,24.4
Africa,Malawi,Blantyre,-15.7861,35.0058,MW,MWI,Blantyre,admin,1895973.0,1454145012,23.5,23.4,23.2,22.2,20.3,18.5,18.4,20.0,23.1,25.0,25.0,24.0,22.2
Africa,Malawi,Mzuzu,-11.45,34.0333,MW,MWI,Mzimba,,150100.0,1454525586,19.9,20.0,19.5,18.7,16.4,13.9,13.1,14.0,16.7,19.4,20.5,20.1,17.7
Africa,Mali,Timbuktu,16.7733,-2.9994,ML,MLI,Tombouctou,admin,35330.0,1466595315,21.5,24.2,27.6,31.3,34.1,34.5,32.2,30.7,31.6,30.9,26.5,22.0,28.9
Africa,Mali,Bamako,12.6458,-7.9922,ML,MLI,Bamako,primary,2009109.0,1466965925,25.1,27.8,30.2,31.6,31.4,29.1,26.8,26.1,26.6,27.7,26.5,24.8,27.8
Africa,Mauritania,Nouadhibou,20.95,-17.0333,MR,MRT,Dakhlet Nouadhibou,admin,118000.0,1478176283,18.3,19.2,20.1,19.9,20.4,22.8,22.4,23.5,24.6,23.3,21.2,19.2,21.3
Africa,Mauritania,Nouakchott,18.0858,-15.9785,MR,MRT,,primary,1077169.0,1478414984,21.5,23.0,24.2,24.3,25.8,26.7,27.3,28.4,29.6,28.8,25.8,22.8,25.7
Africa,Morocco,Ifrane,33.5333,-5.1167,MA,MAR,Fès-Meknès,,14659.0,1504656119,4.1,5.2,6.6,8.0,11.8,15.9,21.2,21.4,17.9,12.5,7.8,4.7,11.4
Africa,Morocco,Rabat,34.0253,-6.8361,MA,MAR,Rabat-Salé-Kénitra,primary,572717.0,1504023252,12.6,13.1,14.2,15.2,17.4,19.8,22.2,22.4,21.5,19.0,15.9,13.2,17.2
Africa,Morocco,Marrakech,31.6295,-7.9811,MA,MAR,Marrakech-Safi,admin,928850.0,1504172585,12.2,13.8,15.8,17.3,20.6,23.8,28.3,28.3,25.3,21.1,16.3,12.6,19.6
Africa,Mozambique,Maputo,-25.9153,32.5764,MZ,MOZ,Maputo,primary,1191613.0,1508074843,26.3,26.2,25.6,23.5,21.4,18.9,18.8,20.0,21.5,22.4,23.8,25.5,22.8
Africa,Niger,Niamey,13.5086,2.1111,NE,NER,Niamey,primary,1026848.0,1562932886,24.3,27.3,30.9,33.8,34.0,31.5,29.0,27.9,29.0,30.8,27.9,25.0,29.3
Africa,Nigeria,Lagos,6.45,3.4,NG,NGA,Lagos,minor,15279000.0,1566593751,27.3,28.5,28.5,28.0,27.1,25.6,25.3,25.1,25.5,26.4,27.2,27.2,26.8
Africa,Nigeria,Makurdi,7.73,8.53,NG,NGA,Benue,admin,292645.0,1566873994,26.9,27.3,27.3,27.1,26.6,24.4,23.5,24.7,25.4,25.9,26.1,26.5,26.0
Africa,Nigeria,Jos,9.9333,8.8833,NG,NGA,Plateau,admin,873943.0,1566773679,21.3,22.9,24.9,25.7,24.5,22.7,21.4,20.9,21.9,22.9,22.7,21.5,22.8
Africa,Nigeria,Kano,12.0,8.5167,NG,NGA,Kano,admin,2828861.0,1566422868,21.2,24.4,28.7,31.3,30.9,28.2,26.2,25.5,26.6,27.3,24.6,21.6,26.4
Africa,Nigeria,Sokoto,13.0622,5.2339,NG,NGA,Sokoto,admin,732178.0,1566574518,24.5,27.1,31.2,33.7,33.1,30.9,28.2,27.2,28.0,29.7,28.3,25.3,28.9
Africa,Senegal,Dakar,14.7319,-17.4572,SN,SEN,Dakar,primary,1146053.0,1686604760,22.3,21.6,21.8,22.1,23.5,26.2,27.7,28.0,28.1,28.4,26.8,24.5,25.1
Africa,Somalia,Mogadishu,2.0408,45.3425,SO,SOM,Banaadir,primary,2120000.0,1706893395,26.6,26.9,28.0,28.9,28.2,26.7,25.4,25.9,26.5,27.3,27.5,26.9,27.1
Africa,South Africa,Pretoria,-25.7464,28.1881,ZA,ZAF,Gauteng,primary,741651.0,1710176249,22.6,22.1,21.0,17.9,14.7,11.5,11.9,14.7,18.6,20.1,21.0,21.9,18.2
Africa,South Africa,Cape Town,-33.925,18.425,ZA,ZAF,Western Cape,primary,433688.0,1710680650,20.4,20.4,19.2,16.9,14.4,12.5,11.9,12.4,13.7,15.6,17.9,19.5,16.2
Africa,South Africa,Johannesburg,-26.2044,28.0416,ZA,ZAF,Gauteng,admin,4434827.0,1710550792,19.5,19.0,18.0,15.3,12.6,9.6,10.0,12.5,15.9,17.1,17.9,19.0,15.5
Africa,South Africa,Bloemfontein,-29.1,26.2167,ZA,ZAF,Free State,primary,256185.0,1710495933,22.8,21.4,19.2,14.9,10.7,6.9,7.2,10.1,14.6,17.5,19.9,21.9,15.6
Africa,South Africa,Upington,-28.4572,21.2425,ZA,ZAF,Northern Cape,,121189.0,1710210449,27.8,26.9,24.7,20.2,15.7,12.1,11.9,14.0,18.1,21.4,24.7,26.9,20.4
Africa,South Africa,Durban,-29.8583,31.025,ZA,ZAF,KwaZulu-Natal,,595061.0,1710149138,24.1,24.3,23.7,21.6,19.1,16.6,16.5,17.7,19.2,20.1,21.4,23.1,20.6
Africa,South Sudan,Juba,4.85,31.6,SS,SSD,Central Equatoria,primary,372410.0,1728444337,28.3,29.5,29.9,29.2,27.9,26.9,25.9,26.1,26.8,27.5,27.6,27.7,27.8
Africa,South Sudan,Wau,7.7,27.9833,SS,SSD,Western Bahr el Ghazal,admin,163442.0,1728877501,26.8,28.5,30.4,30.6,29.3,27.5,26.3,26.2,26.8,27.4,27.4,26.5,27.8
Africa,Spain,Las Palmas,28.1272,-15.4314,ES,ESP,Canary Islands,admin,381223.0,1724501748,18.1,18.4,19.3,19.5,20.5,22.2,23.8,24.6,24.3,23.1,21.2,19.3,21.2
Africa,Sudan,Port Sudan,19.6158,37.2164,SD,SDN,Red Sea,admin,489275.0,1729710259,23.3,23.0,24.3,26.5,29.3,32.2,34.1,34.5,32.1,29.3,27.3,24.7,28.4
Africa,Sudan,Khartoum,15.6031,32.5265,SD,SDN,Khartoum,primary,7282000.0,1729268475,23.2,25.0,28.7,31.9,34.5,34.3,32.1,31.5,32.5,32.4,28.1,24.5,29.9
Africa,Tanzania,Dar es Salaam,-6.8,39.2833,TZ,TZA,Dar es Salaam,primary,6698000.0,1834843853,27.4,27.7,27.4,26.5,25.5,24.2,23.5,23.7,24.3,25.3,26.3,27.3,25.8
Africa,Tanzania,Tabora,-5.0167,32.8,TZ,TZA,Tabora,admin,127880.0,1834712235,23.6,23.7,23.8,23.5,23.1,22.2,22.2,23.7,25.3,26.0,25.1,23.9,23.9
Africa,Tanzania,Dodoma,-6.1835,35.746,TZ,TZA,Dodoma,primary,410956.0,1834288497,23.8,23.0,23.5,22.8,22.1,21.4,19.8,20.5,22.3,23.8,25.1,24.6,22.7
Africa,Tunisia,Tunis,36.8008,10.18,TN,TUN,Tunis,primary,1056247.0,1788742103,11.5,12.0,13.2,15.6,19.3,23.2,26.3,26.8,24.4,20.4,15.9,12.5,18.4
Africa,Uganda,Kampala,0.3136,32.5811,UG,UGA,Kampala,primary,1659600.0,1800406299,23.2,23.7,23.4,22.9,22.6,22.4,22.0,22.2,22.6,22.6,22.5,22.7,22.7
Africa,Uganda,Entebbe,0.05,32.46,UG,UGA,Wakiso,,69958.0,1800535915,22.2,22.8,22.6,22.2,21.7,21.5,21.3,21.7,22.0,22.1,22.0,22.2,22.0
Africa,Zambia,Ndola,-12.9683,28.6337,ZM,ZMB,Copperbelt,admin,528330.0,1894032745,20.8,20.8,21.0,20.5,18.6,16.5,16.7,19.2,22.5,23.7,22.5,21.0,20.3
Africa,Zambia,Lusaka,-15.4167,28.2833,ZM,ZMB,Lusaka,primary,1742979.0,1894157390,21.5,21.5,21.1,19.9,17.4,15.2,14.9,17.3,21.3,23.5,23.4,21.7,19.9
Africa,Zambia,Livingstone,-17.85,25.8667,ZM,ZMB,Southern,,136897.0,1894634581,23.6,23.2,23.1,21.9,18.9,16.0,16.1,19.3,23.9,26.2,25.1,23.6,21.8
Africa,Zimbabwe,Harare,-17.8292,31.0522,ZW,ZWE,Harare,primary,2150000.0,1716196799,21.0,20.7,20.3,18.8,16.1,13.7,13.4,15.5,18.6,20.8,21.2,20.9,18.4
Africa,Zimbabwe,Bulawayo,-20.1667,28.5667,ZW,ZWE,Bulawayo,admin,653337.0,1716032632,21.8,21.2,20.6,18.7,16.0,13.7,13.8,16.4,19.9,21.6,21.7,21.4,18.9
Asia,Afghanistan,Kabul,34.5328,69.1658,AF,AFG,Kābul,primary,3678034.0,1004993580,2.3,0.7,6.3,12.8,17.3,22.8,25.0,24.1,19.7,13.1,5.9,0.6,12.1
Asia,Azerbaijan,Baku,40.3667,49.8352,AZ,AZE,Bakı,primary,2181800.0,1031946365,4.4,4.2,7.0,12.9,18.5,23.5,26.4,26.3,22.5,16.6,11.2,7.3,15.1
Asia,Armenia,Yerevan,40.1814,44.5144,AM,ARG,Yerevan,primary,1075800.0,1051074169,3.6,0.1,6.3,12.9,17.4,22.6,26.4,26.1,21.1,13.8,6.2,0.2,12.4
Asia,Bahrain,Manama,26.225,50.5775,BH,BHR,Al ‘Āşimah,primary,157474.0,1048989486,17.2,18.0,21.2,25.3,30.0,32.6,34.1,34.2,32.5,29.3,24.5,19.3,26.5
Asia,Bangladesh,Dhaka,23.7289,90.3944,BD,BGD,Dhaka,primary,15443000.0,1050529279,18.6,22.0,26.3,28.4,28.8,29.0,28.7,28.9,28.5,27.4,24.0,20.0,25.9
Asia,Bangladesh,Rangpur,25.75,89.25,BD,BGD,Rangpur,admin,294265.0,1050667437,16.3,19.2,23.4,26.1,27.4,28.4,28.6,28.9,28.0,26.2,22.2,18.2,24.4
Asia,Cambodia,Phnom Penh,11.5696,104.921,KH,KHM,Phnom Penh,primary,2129371.0,1116260534,26.6,28.0,29.4,30.2,30.0,29.2,28.7,28.5,28.2,27.2,27.1,26.3,28.3
Asia,China,Beijing,39.905,116.3914,CN,CHN,Beijing,primary,19433000.0,1156228865,3.1,0.3,6.7,14.8,20.8,24.9,26.7,25.5,20.8,13.7,5.0,0.9,12.9
Asia,China,Changsha,28.1987,112.9709,CN,CHN,Hunan,admin,8394500.0,1156961497,5.1,7.8,11.7,17.9,22.6,26.2,29.6,28.4,24.2,18.9,13.2,7.5,17.8
Asia,China,Changsha,22.3762,112.6877,CN,CHN,Guangdong,minor,717700.0,1156011120,5.1,7.8,11.7,17.9,22.6,26.2,29.6,28.4,24.2,18.9,13.2,7.5,17.8
Asia,China,Chongqing,29.5628,106.5528,CN,CHN,Chongqing,admin,7739000.0,1156936556,8.0,10.1,14.0,18.8,22.8,25.3,28.5,28.6,24.3,18.7,14.3,9.3,18.6
Asia,China,Guangzhou,23.1288,113.259,CN,CHN,Guangdong,admin,20902000.0,1156237133,13.9,15.2,18.1,22.4,25.8,27.8,28.9,28.8,27.5,24.7,20.1,15.5,22.4
Asia,China,Harbin,45.75,126.6333,CN,CHN,Heilongjiang,admin,4458000.0,1156241528,17.6,12.1,2.7,7.7,15.4,21.4,23.3,21.8,15.4,6.8,4.6,14.4,5.0
Asia,China,Kunming,25.0433,102.7061,CN,CHN,Yunnan,admin,6250000.0,1156477539,9.1,11.4,14.5,17.7,19.4,20.5,20.3,20.0,18.5,16.0,12.3,9.2,15.7
Asia,China,Lhasa,29.65,91.1,CN,CHN,Tibet,admin,902500.0,1156369972,2.1,1.1,4.6,8.1,11.9,15.5,15.3,14.5,12.8,8.1,2.2,1.7,7.6
Asia,China,Shanghai,31.1667,121.4667,CN,CHN,Shanghai,admin,22120000.0,1156073548,4.6,6.1,9.6,15.1,20.3,24.1,28.4,28.1,24.4,19.3,13.4,7.1,16.7
Asia,China,Shenzhen,22.535,114.054,CN,CHN,Guangdong,minor,15929000.0,1156158707,15.7,16.8,19.4,23.1,26.4,28.3,29.0,28.8,27.9,25.5,21.7,17.4,23.3
Asia,China,Xi’an,34.2667,108.9,CN,CHN,Shaanxi,admin,7135000.0,1156244079,0.3,3.6,8.7,15.4,20.5,25.3,27.0,25.1,20.3,14.1,7.0,1.5,14.1
Asia,China,Yinchuan,38.4795,106.2254,CN,CHN,Ningxia,admin,1616000.0,1156359072,7.9,3.8,3.2,11.2,17.3,21.5,23.5,21.6,16.3,9.2,1.4,5.5,9.0
Asia,Georgia,Batumi,41.6458,41.6417,GE,GEO,Ajaria,admin,154600.0,1268193611,6.0,7.0,8.0,12.0,16.0,20.0,22.0,22.0,20.0,16.0,12.0,8.0,14.0
Asia,Georgia,Tbilisi,41.7225,44.7925,GE,GEO,Tbilisi,primary,1118035.0,1268203191,1.2,2.7,6.6,12.2,17.4,21.3,24.5,24.1,19.6,13.7,7.8,3.2,12.9
Asia,Hong Kong,Hong Kong,22.305,114.185,HK,HKG,,primary,7347000.0,1344982653,16.3,16.8,19.1,22.6,25.9,27.9,28.8,28.6,27.7,25.5,21.8,17.9,23.3
Asia,India,Gangtok,27.33,88.62,IN,IND,Sikkim,admin,100286.0,1356689564,8.5,10.0,13.3,16.2,17.7,19.2,19.3,19.5,18.7,16.6,13.1,10.1,15.2
Asia,India,New Delhi,28.7,77.2,IN,IND,Delhi,primary,142004.0,1356215164,13.4,16.8,22.4,29.1,32.7,32.9,29.9,28.8,27.9,25.5,20.5,15.3,24.6
Asia,India,Kolkāta,22.5411,88.3378,IN,IND,West Bengal,admin,17560000.0,1356060520,20.1,22.8,27.6,30.5,31.3,30.4,29.1,28.8,28.8,27.5,23.7,20.3,26.7
Asia,India,Mumbai,18.9667,72.8333,IN,IND,Mahārāshtra,admin,23355000.0,1356226629,23.7,24.5,26.8,28.4,29.9,29.2,27.6,27.2,27.3,28.3,27.2,25.2,27.1
Asia,Indonesia,Jakarta,-6.2146,106.8451,ID,IDN,Jakarta,primary,34540000.0,1360771077,26.1,26.1,26.4,27.0,27.2,26.7,26.4,26.7,27.0,27.2,27.0,26.4,26.7
Asia,Indonesia,Denpasar,-8.6667,115.2167,ID,IDN,Bali,admin,834881.0,1360848527,24.1,24.2,24.0,24.8,24.1,23.5,22.5,22.9,23.0,23.7,23.5,23.5,23.7
Asia,Indonesia,Jayapura,-2.5333,140.7167,ID,IDN,Papua,admin,413283.0,1360517692,27.1,26.9,27.1,27.3,27.2,26.9,26.4,26.6,26.9,27.2,27.3,27.0,27.0
Asia,Indonesia,Makassar,-5.1331,119.4136,ID,IDN,Sulawesi Selatan,admin,1651146.0,1360051337,26.0,26.3,27.4,27.6,26.9,26.0,25.6,26.0,26.7,27.5,27.7,26.1,26.7
Asia,Indonesia,Medan,3.6667,98.6667,ID,IDN,Sumatera Utara,admin,2210625.0,1360543171,25.6,26.1,26.7,27.2,27.3,27.1,27.0,26.9,26.6,26.1,26.0,25.8,26.5
Asia,Indonesia,Palembang,-2.9833,104.7644,ID,IDN,Sumatera Selatan,admin,1452456.0,1360902897,26.8,27.1,27.2,27.7,28.0,27.4,27.0,27.2,27.5,27.7,27.4,27.0,27.3
Asia,Indonesia,Pontianak,-0.0206,109.3414,ID,IDN,Kalimantan Barat,admin,618388.0,1360992394,26.9,27.9,28.2,28.1,28.0,27.8,27.5,27.8,28.3,27.7,27.3,27.2,27.7
Asia,Indonesia,Surabaya,-7.2458,112.7378,ID,IDN,Jawa Timur,admin,4975000.0,1360484663,26.8,26.8,27.0,27.3,27.3,26.7,26.2,26.5,27.2,28.2,28.3,27.3,27.1
Asia,Iraq,Baghdad,33.35,44.4167,IQ,IRQ,Baghdād,primary,5796000.0,1368596238,9.7,12.0,16.6,22.6,28.3,32.3,34.8,34.0,30.5,24.7,16.5,11.2,22.77
Asia,Iraq,Erbil,36.1911,44.0094,IQ,IRQ,Arbīl,admin,846000.0,1368578192,6.2,8.1,12.2,17.4,23.6,28.9,32.9,32.1,28.2,21.4,14.1,8.3,19.5
Asia,Iran,Tehran,35.7,51.4167,IR,IRN,Tehrān,primary,13633000.0,1364305026,4.7,7.0,11.8,17.6,23.2,28.8,31.4,30.5,26.3,19.6,11.6,6.5,18.3
Asia,Iran,Ahvāz,31.3203,48.6692,IR,IRN,Khūzestān,admin,1184788.0,1364350188,12.3,14.7,19.0,24.9,31.1,35.2,37.3,36.7,33.0,27.3,19.8,14.0,25.4
Asia,Iran,Tabrīz,38.0833,46.2833,IR,IRN,Āz̄arbāyjān-e Sharqī,admin,1558693.0,1364141756,1.7,0.5,5.6,11.5,16.7,22.1,26.0,25.9,21.4,14.5,7.1,1.2,12.6
Asia,Israel,Jerusalem,31.7833,35.2167,IL,ISR,Southern,primary,919438.0,1376261644,9.8,10.7,13.4,17.3,21.2,23.5,25.0,25.3,24.0,21.6,16.4,11.9,18.3
Asia,Japan,Sapporo,43.0621,141.3544,JP,JPN,Hokkaidō,admin,1961690.0,1392000195,3.6,3.1,0.6,7.1,12.4,16.7,20.5,22.3,18.1,11.8,4.9,0.9,8.9
Asia,Japan,Niigata,37.9161,139.0364,JP,JPN,Niigata,admin,790646.0,1392913753,2.8,2.9,5.8,11.5,16.5,20.7,24.5,26.6,22.5,16.4,10.5,5.6,13.9
Asia,Japan,Tokyo,35.6897,139.6922,JP,JPN,Tōkyō,primary,37977000.0,1392685764,5.2,5.7,8.7,13.9,18.2,21.4,25.0,26.4,22.8,17.5,12.1,7.6,15.4
Asia,Japan,Kyōto,35.0111,135.7669,JP,JPN,Kyōto,admin,1805000.0,1392622735,4.6,5.1,8.4,14.2,19.0,23.0,26.8,28.2,24.1,17.8,12.1,7.0,15.8
Asia,Japan,Hiroshima,34.4,132.45,JP,JPN,Hiroshima,admin,1306589.0,1392373695,5.2,6.0,9.1,14.7,19.3,23.0,27.1,28.2,24.4,18.3,12.5,7.5,16.3
Asia,Japan,Fukuoka,33.6,130.4167,JP,JPN,Fukuoka,admin,2128000.0,1392576294,6.6,7.4,10.4,15.1,19.4,23.0,27.2,28.1,24.4,19.2,13.8,8.9,17.0
Asia,Japan,Naha,26.2122,127.6789,JP,JPN,Okinawa,admin,316048.0,1392583118,17.0,17.1,18.9,21.4,24.0,26.8,28.9,28.7,27.6,25.2,22.1,18.7,23.1
Asia,Kazakhstan,Almaty,43.25,76.9,KZ,KAZ,Almaty,,1916822.0,1398351701,4.7,3.0,3.4,11.5,16.6,21.6,23.8,23.0,17.6,9.9,2.7,2.8,10.0
Asia,Kuwait,Kuwait City,29.375,47.98,KW,KWT,Al ‘Āşimah,primary,2989000.0,1414102075,12.5,14.8,19.3,24.9,31.5,36.0,37.7,36.8,33.3,27.3,19.9,14.1,25.7
Asia,Kyrgyzstan,Bishkek,42.8667,74.5667,KG,KGZ,Bishkek,primary,1027200.0,1417191971,2.6,0.8,5.3,12.3,17.4,22.4,24.9,23.8,18.5,11.0,4.7,0.9,11.3
Asia,Laos,Vientiane,17.9667,102.6,LA,LAO,Viangchan,primary,760000.0,1418732714,21.7,24.0,26.7,28.5,27.7,27.7,27.5,27.2,27.0,26.4,24.3,21.7,25.9
Asia,Lebanon,Beirut,33.8869,35.5131,LB,LBN,Beyrouth,primary,361366.0,1422847713,14.0,14.0,16.0,18.7,21.7,24.9,27.1,27.8,26.8,24.1,19.5,15.8,20.9
Asia,Malaysia,Kuala Lumpur,3.1478,101.6953,MY,MYS,Kuala Lumpur,primary,8285000.0,1458988644,26.9,27.3,27.6,27.7,28.0,27.9,27.4,27.5,27.2,27.1,26.8,26.7,27.3
Asia,Mongolia,Ulaanbaatar,47.9203,106.9172,MN,MNG,Ulaanbaatar,primary,1396288.0,1496024767,21.6,16.6,7.4,2.0,10.1,15.7,18.2,16.0,9.6,0.5,11.9,19.0,0.4
Asia,Myanmar,Mandalay,21.9769,96.0869,MM,MMR,Mandalay,admin,1225546.0,1104468217,21.9,24.4,28.8,31.9,31.3,30.8,30.8,30.2,29.7,28.8,25.7,22.2,28.0
Asia,Nepal,Kathmandu,27.7167,85.3667,NP,NPL,Bāgmatī,primary,975453.0,1524589448,10.0,11.9,16.1,19.2,21.8,23.8,24.1,24.1,23.3,19.1,14.8,11.3,18.3
Asia,North Korea,Pyongyang,39.03,125.73,KP,PRK,P’yŏngyang,primary,2863000.0,1408738594,5.8,2.4,4.4,11.2,17.1,21.7,24.3,24.6,19.6,12.5,4.7,2.9,10.8
Asia,Oman,Muscat,23.6139,58.5922,OM,OMN,Masqaţ,primary,1421409.0,1512035506,21.0,22.0,25.0,30.0,34.0,35.0,34.0,32.0,31.0,30.0,25.0,22.0,28.0
Asia,Pakistan,Karachi,24.86,67.01,PK,PAK,Sindh,admin,14835000.0,1586129469,18.1,20.2,24.5,28.3,30.5,31.4,30.3,28.9,28.9,27.9,23.9,19.5,26.0
Asia,Pakistan,Lahore,31.5497,74.3436,PK,PAK,Punjab,admin,11021000.0,1586801463,12.8,15.4,20.5,26.8,31.2,33.9,31.5,30.7,29.7,25.6,19.5,14.2,24.3
Asia,Philippines,Manila,14.6,120.9833,PH,PHL,Manila,primary,23088000.0,1608618140,26.7,27.4,28.7,30.1,30.0,29.3,28.5,28.3,28.4,28.4,28.0,27.0,28.4
Asia,Russia,Anadyr,64.7333,177.5167,RU,RUS,Chukotskiy Avtonomnyy Okrug,admin,15604.0,1643453469,22.6,22.0,19.3,12.8,1.6,6.3,11.6,10.1,4.7,4.6,13.3,19.3,6.9
Asia,Russia,Dikson,73.5,80.517,RU,RUS,Krasnoyarskiy Kray,,548.0,1643554430,24.8,25.4,22.1,17.2,7.8,0.4,4.9,5.5,1.6,7.5,17.5,22.9,11.1
Asia,Russia,Irkutsk,52.2833,104.3,RU,RUS,Irkutskaya Oblast’,admin,623736.0,1643439037,17.8,14.4,6.4,2.5,10.2,15.4,18.3,15.9,9.2,1.8,7.6,15.3,1.0
Asia,Russia,Novosibirsk,55.0333,82.9167,RU,RUS,Novosibirskaya Oblast’,admin,1602915.0,1643399240,16.5,14.8,7.6,2.3,11.8,17.1,19.4,16.6,10.2,3.1,6.9,14.0,1.7
Asia,Russia,Vladivostok,43.1167,131.9,RU,RUS,Primorskiy Kray,admin,606589.0,1643832017,12.3,8.4,1.9,5.1,9.8,13.6,17.6,19.8,16.0,8.9,0.9,9.1,4.9
Asia,Russia,Yakutsk,62.0272,129.7319,RU,RUS,Sakha (Yakutiya),admin,307911.0,1643163546,38.6,33.8,20.1,4.8,7.5,16.4,19.5,15.2,6.1,7.8,27.0,37.6,8.8
Asia,Saudi Arabia,Abhā,18.2167,42.5,SA,SAU,‘Asīr,admin,236157.0,1682759151,13.8,15.4,17.2,19.3,21.8,24.0,23.7,23.0,22.5,19.1,16.0,14.3,19.2
Asia,Saudi Arabia,Riyadh,24.65,46.71,SA,SAU,Ar Riyāḑ,primary,6881000.0,1682999334,14.0,16.7,21.0,26.4,32.2,35.2,36.3,36.0,32.8,27.5,20.4,15.4,26.2
Asia,Singapore,Singapore,1.3,103.8,SG,SGP,Central Singapore,primary,5745000.0,1702341327,26.8,27.3,27.8,28.2,28.6,28.5,28.2,28.1,28.0,27.9,27.2,26.8,27.8
Asia,South Korea,Seoul,37.56,126.99,KR,KOR,Seoul,primary,21794000.0,1410836482,2.4,0.4,5.7,12.5,17.8,22.2,24.9,25.7,21.2,14.8,7.2,0.4,12.5
Asia,South Korea,Busan,35.1,129.0403,KR,KOR,Busan,admin,3453198.0,1410601465,3.6,5.4,9.1,13.8,17.9,21.0,24.4,26.1,22.6,17.9,11.9,5.8,15.0
Asia,Sri Lanka,Colombo,6.9167,79.8333,LK,LKA,Western,primary,752993.0,1144251314,26.6,26.9,27.7,28.2,28.3,27.9,27.6,27.6,27.5,27.0,26.7,26.6,27.4
Asia,Syria,Damascus,33.5131,36.2919,SY,SYR,Dimashq,primary,1754000.0,1760685964,6.1,7.7,11.4,16.2,20.8,25.0,27.3,27.0,24.0,19.0,12.1,7.5,17.0
Asia,Tajikistan,Dushanbe,38.5731,68.7864,TJ,TJK,Dushanbe,primary,778500.0,1762930616,2.1,3.8,9.2,15.4,20.0,25.3,27.1,24.9,20.1,14.3,8.9,4.8,14.7
Asia,Taiwan,Taipei,25.0478,121.5319,TW,TWN,Taipei,primary,2684567.0,1158881289,16.4,16.9,18.8,22.3,25.6,28.2,29.9,29.5,27.7,24.6,21.9,18.2,23.3
Asia,Thailand,Bangkok,13.75,100.5167,TH,THA,Krung Thep Maha Nakhon,primary,17066000.0,1764068610,27.0,28.3,29.5,30.5,29.9,29.5,29.0,28.8,28.3,28.1,27.8,26.5,28.6
Asia,Thailand,Chiang Mai,18.7889,98.9833,TH,THA,Chiang Mai,admin,132634.0,1764662886,21.5,23.9,27.1,29.3,28.2,27.6,27.2,26.8,26.7,26.1,24.0,21.4,25.8
Asia,Thailand,Hat Yai,7.0167,100.4667,TH,THA,Songkhla,minor,159130.0,1764161022,26.0,26.7,27.6,28.0,27.8,27.7,27.4,27.4,26.9,26.5,26.0,25.6,27.0
Asia,Thailand,Nakhon Ratchasima,14.9736,102.0831,TH,THA,Nakhon Ratchasima,admin,134440.0,1764752197,24.3,26.9,28.9,30.0,29.1,29.1,28.6,28.1,27.4,26.7,25.4,23.6,27.3
Asia,Turkey,Ankara,39.93,32.85,TR,TUR,Ankara,primary,5503985.0,1792572891,0.4,1.9,6.0,11.3,16.1,20.1,23.6,23.4,18.8,13.0,7.0,2.6,12.0
Asia,Turkey,Erzurum,39.9097,41.2756,TR,TUR,Erzurum,admin,767848.0,1792511957,10.2,8.7,2.7,5.1,10.2,14.1,18.4,18.7,13.9,7.5,0.4,6.7,5.1
Asia,Turkmenistan,Ashgabat,37.95,58.3833,TM,TKM,Ahal,primary,1031992.0,1795049992,3.5,5.5,10.4,17.4,23.3,29.0,31.3,29.6,23.6,16.5,10.2,5.1,17.1
Asia,Emirates,Abu Dhabi,24.4781,54.3686,AE,ARE,Abū Z̧aby,primary,1000000.0,1784176710,19.1,20.6,23.4,27.7,31.8,33.7,35.5,35.9,33.3,29.7,25.2,21.1,28.1
Asia,Emirates,Dubai,25.2697,55.3094,AE,ARE,Dubayy,admin,2502715.0,1784736618,18.7,19.3,22.3,26.1,29.9,32.2,34.4,34.4,32.1,28.7,24.3,20.6,26.9
Asia,Uzbekistan,Tashkent,41.3,69.2667,UZ,UZB,Toshkent,primary,2424100.0,1860331871,1.9,3.9,9.4,15.5,20.5,25.8,27.8,26.2,20.6,13.9,8.5,3.5,14.8
Asia,Vietnam,Đà Lạt,11.9359,108.4429,VN,VNM,Lâm Đồng,admin,,1704933464,15.8,16.7,17.8,18.9,19.3,19.0,18.6,18.5,18.4,18.1,17.3,16.2,17.9
Asia,Vietnam,Đà Nẵng,16.0748,108.224,VN,VNM,Đà Nẵng,admin,,1704949870,21.5,22.3,24.2,26.4,28.3,29.2,29.3,29.0,27.5,25.9,24.1,22.1,25.8
Asia,Vietnam,Hanoi,21.0245,105.8412,VN,VNM,Hà Nội,primary,7785000.0,1704413791,16.4,17.2,20.0,23.9,27.4,28.9,29.2,28.6,27.5,24.9,21.5,18.2,23.6
Asia,Vietnam,Ho Chi Minh City,10.8167,106.6333,VN,VNM,Hồ Chí Minh,admin,13312000.0,1704774326,26.0,26.8,28.0,29.2,28.8,27.8,27.5,27.4,27.2,27.0,26.7,26.0,27.4
Asia,Yemen,Aden,12.8,45.0333,YE,YEM,‘Adan,admin,507355.0,1887867886,25.7,26.0,27.2,28.9,31.0,32.7,32.7,31.5,31.6,28.9,27.1,26.0,29.1
Asia,Yemen,Sanaa,15.35,44.2,YE,YEM,Amānat al ‘Āşimah,primary,2957000.0,1887750814,16.0,18.0,20.0,20.0,22.0,23.0,24.0,23.0,22.0,18.0,16.0,15.0,20.0
Europe,Albania,Tirana,41.33,19.82,AL,ALB,Tiranë,primary,418495.0,1008162156,6.7,7.8,10.0,13.4,18.0,21.6,24.0,23.8,20.7,16.0,11.7,8.1,15.2
Europe,Andorra,Andorra la Vella,42.5,1.5,AD,AND,Andorra la Vella,primary,22151.0,1020828846,2.2,3.5,5.8,7.5,11.5,15.4,18.8,18.5,14.9,10.3,5.7,3.0,9.8
Europe,Austria,Vienna,48.2083,16.3731,AT,AUT,Wien,primary,1911191.0,1040261752,0.3,1.5,5.7,10.7,15.7,18.7,20.8,20.2,15.4,10.2,5.1,1.1,10.4
Europe,Belarus,Minsk,53.9022,27.5618,BY,BLR,Minsk,primary,2009786.0,1112348503,4.5,4.4,0.0,7.2,13.3,16.4,18.5,17.5,12.1,6.6,0.6,3.4,6.7
Europe,Belgium,Brussels,50.8333,4.3333,BE,BEL,Brussels-Capital Region,primary,1743000.0,1056469830,3.3,3.7,6.8,9.8,13.6,16.2,18.4,18.0,14.9,11.1,6.8,3.9,10.5
Europe,Bosnia and Herzegovina,Sarajevo,43.8667,18.4167,BA,BIH,"Bosnia and Herzegovina, Federation of",primary,275524.0,1070966777,0.5,1.4,5.7,10.0,14.8,17.7,19.7,19.7,15.3,11.0,5.4,0.9,10.1
Europe,Bulgaria,Sofia,42.6979,23.3217,BG,BGR,Sofia-Grad,primary,1355142.0,1100762037,0.5,1.1,5.4,10.6,15.4,18.9,21.2,21.0,16.5,11.3,5.1,0.7,10.6
Europe,Croatia,Zagreb,45.8,15.95,HR,HRV,"Zagreb, Grad",primary,790017.0,1191233290,0.3,2.3,6.4,10.7,15.8,18.8,20.6,20.1,15.9,10.5,5.0,1.4,10.7
Europe,Croatia,Split,43.51,16.45,HR,HRV,Splitsko-Dalmatinska Županija,admin,178102.0,1191440208,8.0,8.4,10.6,13.7,18.9,22.8,25.7,25.4,21.2,16.8,12.0,9.1,16.1
Europe,Cyprus,Nicosia,35.1725,33.365,CY,CYP,Lefkosía,primary,330000.0,1196944155,10.6,10.6,13.1,17.1,22.3,26.9,29.7,29.4,26.2,22.3,16.3,12.0,19.7
Europe,Czech Republic,Prague,50.0833,14.4167,CZ,CZE,"Praha, Hlavní Město",primary,1335084.0,1203744823,1.4,0.4,3.6,8.4,13.4,16.1,18.2,17.8,13.5,8.5,3.1,0.3,8.4
Europe,Denmark,Copenhagen,55.6761,12.5689,DK,DNK,Hovedstaden,primary,602481.0,1208763942,1.4,1.4,3.5,7.7,12.5,15.6,18.1,17.7,13.9,9.8,5.5,2.5,9.1
Europe,Estonia,Tallinn,59.4372,24.745,EE,EST,Harjumaa,primary,438341.0,1233260021,2.9,3.6,0.6,4.8,10.2,14.5,17.6,16.5,12.0,6.5,2.0,0.9,6.4
Europe,Finland,Helsinki,60.1756,24.9342,FI,FIN,Uusimaa,primary,642045.0,1246177997,3.9,4.7,1.3,3.9,10.2,14.6,17.8,16.3,11.5,6.6,1.6,2.0,5.9
Europe,Finland,Kuopio,62.8925,27.6783,FI,FIN,Pohjois-Savo,admin,120246.0,1246334067,9.2,9.2,4.1,2.0,9.1,14.5,17.5,15.0,9.7,4.1,2.0,6.7,3.4
Europe,Finland,Oulu,65.0142,25.4719,FI,FIN,Pohjois-Pohjanmaa,admin,200526.0,1246093273,9.6,9.3,4.8,1.4,7.8,13.5,16.5,14.1,8.9,3.3,2.8,7.1,2.7
Europe,France,Bordeaux,44.84,-0.58,FR,FRA,Nouvelle-Aquitaine,admin,257804.0,1250449238,7.1,7.8,10.7,13.0,16.6,19.8,21.7,21.9,18.8,15.2,10.4,7.7,14.2
Europe,France,Lyon,45.76,4.84,FR,FRA,Auvergne-Rhône-Alpes,admin,516092.0,1250196189,3.4,4.8,8.4,11.4,15.8,19.4,22.1,21.6,17.6,13.4,7.5,4.3,12.5
Europe,France,Marseille,43.2964,5.37,FR,FRA,Provence-Alpes-Côte d’Azur,admin,870018.0,1250774071,8.4,8.9,11.6,13.8,17.9,21.3,24.5,24.1,20.7,16.9,11.8,9.3,15.8
Europe,France,Paris,48.8566,2.3522,FR,FRA,Île-de-France,primary,11020000.0,1250015082,4.9,5.6,8.8,11.4,15.1,18.2,20.4,20.2,16.9,12.9,8.1,5.4,12.3
Europe,Germany,Berlin,52.5167,13.3833,DE,DEU,Berlin,primary,3644826.0,1276451290,0.6,2.3,5.1,10.2,14.8,17.9,20.3,19.7,15.3,10.5,6.0,1.3,10.3
Europe,Germany,Frankfurt,50.1136,8.6797,DE,DEU,Hesse,minor,753056.0,1276054552,1.6,2.4,6.4,10.3,14.7,17.8,20.0,19.5,15.2,10.4,5.6,2.5,10.6
Europe,Germany,Hamburg,53.55,10.0,DE,DEU,Hamburg,admin,1841179.0,1276041799,2.1,2.4,4.9,9.1,13.0,16.0,18.3,18.0,14.4,10.0,5.7,2.9,9.7
Europe,Greece,Athens,37.9842,23.7281,GR,GRC,Attikí,primary,664046.0,1300715560,10.2,10.9,13.2,16.9,21.8,26.6,29.3,29.3,25.0,20.1,15.5,11.5,19.2
Europe,Greece,Thessaloníki,40.6403,22.9356,GR,GRC,Kentrikí Makedonía,admin,315196.0,1300397999,7.0,8.4,11.2,14.9,20.0,24.7,27.0,27.1,22.7,17.7,12.8,8.3,16.8
Europe,Hungary,Budapest,47.4983,19.0408,HU,HUN,Budapest,primary,1752286.0,1348611435,0.4,2.3,6.1,12.0,16.6,19.7,21.5,21.2,16.9,11.8,5.4,1.8,11.3
Europe,Ireland,Dublin,53.3497,-6.2603,IE,IRL,Dublin,primary,1173179.0,1372595407,5.3,5.3,6.8,8.3,10.9,13.6,15.6,15.3,13.4,10.5,7.4,5.6,9.8
Europe,Italy,Milan,45.4669,9.19,IT,ITA,Lombardy,admin,1366180.0,1380724377,2.5,4.7,9.0,12.2,17.0,20.8,23.6,23.0,19.2,13.4,7.2,3.3,13.0
Europe,Italy,Palermo,38.1157,13.3613,IT,ITA,Sicilia,admin,668405.0,1380428434,12.5,12.6,13.5,15.7,18.9,22.4,25.6,26.2,24.1,20.3,16.8,13.7,18.5
Europe,Italy,Rome,41.8931,12.4828,IT,ITA,Lazio,primary,2872800.0,1380382862,7.5,8.2,10.2,12.6,17.2,21.1,24.1,24.5,20.8,16.4,11.4,8.4,15.2
Europe,Italy,Naples,40.8333,14.25,IT,ITA,Campania,admin,966144.0,1380646673,8.7,8.8,11.1,13.2,17.8,21.4,24.3,24.7,21.4,17.1,12.4,9.8,15.9
Europe,Latvia,Riga,56.9475,24.1069,LV,LVA,Rīga,primary,614618.0,1428586192,4.7,4.2,0.5,5.1,11.4,15.5,16.9,16.2,12.0,7.4,2.1,2.3,6.2
Europe,Liechtenstein,Vaduz,47.1415,9.5215,LI,LIE,Vaduz,primary,36281.0,1438317747,0.8,2.1,6.3,9.9,14.4,17.1,19.0,18.4,14.9,10.9,5.2,1.9,10.1
Europe,Lithuania,Vilnius,54.6833,25.2833,LT,LTU,Vilniaus Miestas,primary,574147.0,1440887149,3.9,3.1,0.9,7.6,13.0,16.4,18.7,17.9,13.0,7.0,1.8,2.2,7.3
Europe,Luxembourg,Luxembourg,49.6106,6.1328,LU,LUX,Luxembourg,primary,124509.0,1442262731,0.8,1.6,5.2,8.7,13.0,15.9,18.2,17.7,13.9,9.5,4.7,1.8,9.3
Europe,Malta,Valletta,35.8978,14.5125,MT,MLT,Valletta,primary,6444.0,1470574399,12.8,12.8,13.3,15.6,18.9,22.8,26.1,26.7,23.9,21.1,17.2,13.9,18.8
Europe,Monaco,Monaco,43.7396,7.4069,MC,MCO,,primary,36371.0,1492854256,10.2,10.2,12.0,13.8,17.5,20.9,23.8,24.2,21.1,17.9,13.8,11.2,16.4
Europe,Montenegro,Podgorica,42.4397,19.2661,ME,MNE,Podgorica,primary,174515.0,1499454516,5.0,6.8,10.0,13.9,19.0,22.8,26.0,25.6,21.4,15.9,10.5,6.5,15.3
Europe,Netherlands,Amsterdam,52.3667,4.8833,NL,NLD,Noord-Holland,primary,862965.0,1528355309,3.4,3.5,6.1,9.1,12.9,15.4,17.6,17.5,14.7,11.0,7.1,4.0,10.2
Europe,Norway,Bergen,60.3925,5.3233,NO,NOR,Hordaland,admin,257087.0,1578465701,2.6,2.4,3.8,7.1,10.6,13.5,15.5,15.4,12.7,8.7,5.3,3.1,7.7
Europe,Norway,Oslo,59.9111,10.7528,NO,NOR,Oslo,primary,693494.0,1578324706,4.3,4.0,0.2,4.5,10.8,15.2,16.4,15.2,10.8,6.3,0.7,3.1,5.7
Europe,Poland,Warsaw,52.2167,21.0333,PL,POL,Mazowieckie,primary,1790658.0,1616024847,1.8,0.6,2.8,8.7,14.2,17.0,19.2,18.3,13.5,8.5,3.3,0.7,8.5
Europe,Portugal,Lisbon,38.7452,-9.1604,PT,PRT,Lisboa,primary,506654.0,1620619017,11.6,12.7,14.9,15.9,18.0,21.2,23.1,23.5,22.1,18.8,15.0,12.4,17.5
Europe,Portugal,Porto,41.1495,-8.6108,PT,PRT,Porto,admin,237591.0,1620356810,10.2,10.9,13.5,14.6,17.0,19.5,21.3,21.4,19.3,16.6,13.4,11.0,15.7
Europe,Romania,Bucharest,44.4,26.0833,RO,ROU,Bucureşti,primary,1883425.0,1642414442,1.3,0.4,5.4,11.2,16.8,20.6,22.5,22.0,16.9,11.0,4.7,0.2,10.8
Europe,Russia,Arkhangelsk,64.55,40.5333,RU,RUS,Arkhangel’skaya Oblast’,admin,351488.0,1643797198,12.7,11.4,5.5,0.4,6.9,13.0,16.3,13.1,8.2,2.3,5.1,9.8,1.3
Europe,Russia,Moscow,55.7558,37.6178,RU,RUS,Moskva,primary,17125000.0,1643318494,6.5,6.7,1.0,6.7,13.2,17.0,19.2,17.0,11.3,5.6,1.2,5.2,5.8
Europe,Russia,Murmansk,68.9667,33.0833,RU,RUS,Murmanskaya Oblast’,admin,298096.0,1643755251,10.1,9.7,5.5,0.7,4.0,9.2,12.8,11.1,7.0,1.5,4.8,8.2,0.6
Europe,Russia,Saint Petersburg,59.95,30.3167,RU,RUS,Sankt-Peterburg,admin,5351935.0,1643616350,5.5,5.8,1.3,5.1,11.3,15.7,18.8,16.9,11.6,6.2,0.1,3.7,5.8
Europe,Russia,Sochi,43.5853,39.7203,RU,RUS,Krasnodarskiy Kray,,411524.0,1643009782,6.1,6.0,8.2,12.1,16.0,20.2,23.2,23.6,20.0,15.8,11.1,8.1,14.2
Europe,San Marino,San Marino,43.932,12.4484,SM,SMR,San Marino Città,primary,4040.0,1674741947,2.7,4.2,6.4,10.1,14.6,18.5,21.3,21.4,17.8,12.8,8.0,4.2,11.8
Europe,Serbia,Belgrade,44.8167,20.4667,RS,SRB,Beograd,primary,1378682.0,1688374696,1.4,3.1,7.6,12.9,18.1,21.0,23.0,22.7,18.0,12.9,7.1,2.7,12.5
Europe,Slovakia,Bratislava,48.1447,17.1128,SK,SVK,Bratislavský,primary,429564.0,1703195001,0.3,1.9,6.1,11.7,16.2,20.2,22.0,21.5,16.2,10.7,5.7,1.1,11.1
Europe,Slovenia,Ljubljana,46.05,14.5167,SI,SVN,Ljubljana,primary,286745.0,1705917455,0.3,1.9,6.5,10.8,15.8,19.1,21.3,20.6,16.0,11.2,5.6,1.2,10.9
Europe,Spain,Barcelona,41.3825,2.1769,ES,ESP,Catalonia,admin,4588000.0,1724594040,11.3,11.3,13.1,15.1,18.1,21.9,24.7,25.2,22.4,19.1,14.4,11.9,17.4
Europe,Spain,Bilbao,43.2569,-2.9236,ES,ESP,Basque Country,minor,350184.0,1724331267,9.5,9.7,11.6,13.1,16.0,18.7,20.6,21.2,19.2,16.6,12.5,10.1,14.9
Europe,Spain,Madrid,40.4167,-3.7167,ES,ESP,Madrid,primary,6026000.0,1724616994,6.5,8.0,11.3,13.6,17.5,22.8,26.2,25.7,21.0,15.4,10.0,7.0,15.4
Europe,Spain,Sevilla,37.39,-5.99,ES,ESP,Andalusia,admin,1107000.0,1724991838,11.2,12.7,15.6,17.8,21.6,25.7,28.5,28.6,25.0,20.6,15.2,12.2,19.6
Europe,Spain,Valencia,39.47,-0.3764,ES,ESP,Valencia,admin,800215.0,1724981666,12.1,12.7,14.7,16.6,19.6,23.3,25.9,26.5,23.7,20.1,15.6,12.8,18.6
Europe,Sweden,Stockholm,59.3294,18.0686,SE,SWE,Stockholm,primary,972647.0,1752425602,2.8,3.0,0.1,4.6,10.7,15.6,17.2,16.2,11.9,7.5,2.6,1.0,6.6
Europe,Turkey,Istanbul,41.01,28.9603,TR,TUR,İstanbul,admin,15154000.0,1792756324,5.7,5.7,7.0,11.1,15.7,20.4,22.9,23.1,19.8,15.6,11.5,8.0,13.9
Europe,Ukraine,Kyiv,50.45,30.5236,UA,UKR,"Kyyiv, Misto",primary,2963199.0,1804382913,3.5,3.0,1.8,9.3,15.5,18.5,20.5,19.7,14.2,8.4,1.9,2.3,8.4
Europe,Ukraine,Lviv,49.8419,24.0315,UA,UKR,L’vivs’ka Oblast’,admin,724314.0,1804939658,3.1,2.2,1.9,8.3,13.8,16.4,18.3,17.7,13.0,8.1,2.6,1.8,7.8
Europe,Ukraine,Odesa,46.4775,30.7326,UA,UKR,Odes’ka Oblast’,admin,1017699.0,1804178102,0.5,0.2,3.5,9.4,15.6,20.0,22.6,22.3,17.2,11.6,5.7,1.1,10.7
Europe,United Kingdom,Edinburgh,55.953,-3.189,GB,GBR,"Edinburgh, City of",,488050.0,1826492520,4.2,4.5,6.2,8.1,10.8,13.5,15.3,15.2,13.0,9.8,6.7,4.2,9.3
Europe,United Kingdom,London,51.5072,-0.1275,GB,GBR,"London, City of",primary,10979000.0,1826645935,5.2,5.3,7.6,9.9,13.3,16.5,18.7,18.5,15.7,12.0,8.0,5.5,11.3
North America,Aruba,Oranjestad,12.5186,-70.0358,AW,ABW,,primary,34980.0,1533513057,26.7,26.8,27.2,27.9,28.5,28.7,28.6,29.1,29.2,28.7,28.1,27.2,28.1
North America,Barbados,Bridgetown,13.0975,-59.6167,BB,BRB,Saint Michael,primary,110000.0,1052274244,25.8,25.7,26.2,26.8,27.6,27.7,27.6,27.8,27.7,27.5,27.0,26.4,27.0
North America,Belize,Belize City,17.4986,-88.1886,BZ,BLZ,Belize,admin,57169.0,1084150679,24.0,24.9,25.9,27.3,28.3,28.5,28.1,28.2,28.0,27.0,25.6,24.5,26.7
North America,Bermuda,Hamilton,32.2942,-64.7839,BM,BMU,Hamilton,primary,52320.0,1060000000,18.3,18.0,18.2,19.6,22.0,25.0,27.2,27.6,26.6,24.4,21.6,19.5,22.3
North America,Canada,Calgary,51.05,-114.0667,CA,CAN,Alberta,,1239220.0,1124690423,7.6,5.9,2.2,4.5,9.9,13.7,16.9,16.2,11.5,4.9,1.7,6.3,4.5
North America,Canada,Edmonton,53.5344,-113.4903,CA,CAN,Alberta,,1062643.0,1124290735,10.3,7.9,3.1,4.9,11.6,15.6,18.1,17.0,11.9,5.0,3.5,9.0,4.2
North America,Canada,Halifax,44.6475,-63.5906,CA,CAN,Nova Scotia,,403131.0,1124130981,5.7,5.2,0.9,4.5,10.1,15.2,19.2,19.2,15.2,9.2,3.8,1.9,6.9
North America,Canada,Iqaluit,63.7598,-68.5107,CA,CAN,Nunavut,,7740.0,1124379539,26.0,27.0,22.4,13.5,3.2,3.9,8.1,7.5,2.9,3.2,11.1,18.9,8.6
North America,Canada,Moncton,46.1328,-64.7714,CA,CAN,New Brunswick,,108620.0,1124521303,8.4,7.6,2.6,3.6,10.0,15.3,19.3,18.7,14.2,8.1,2.1,4.4,5.7
North America,Canada,Montréal,45.5089,-73.5617,CA,CAN,Quebec,,3519595.0,1124586170,9.2,8.0,2.0,6.2,13.9,19.0,21.7,20.6,16.0,8.9,2.3,5.0,7.0
North America,Canada,Ottawa,45.4247,-75.695,CA,CAN,Ontario,,989567.0,1124399363,9.6,8.1,2.2,6.2,13.8,18.8,21.3,20.1,15.6,8.8,2.0,5.1,6.8
North America,Canada,Saskatoon,52.1333,-106.6833,CA,CAN,Saskatchewan,,246376.0,1124612546,15.4,13.4,6.1,3.9,10.9,15.6,18.3,17.4,11.9,3.7,5.6,13.0,2.4
North America,Canada,St. John's,47.4817,-52.7971,CA,CAN,Newfoundland and Labrador,,108860.0,1124741456,4.2,4.7,2.2,1.8,6.3,10.8,16.0,16.5,12.8,7.8,3.4,1.0,5.3
North America,Canada,Toronto,43.7417,-79.3733,CA,CAN,Ontario,,5429524.0,1124279679,3.5,2.7,1.7,7.8,14.5,19.8,22.5,21.9,17.9,11.2,5.2,0.1,9.7
North America,Canada,Vancouver,49.25,-123.1,CA,CAN,British Columbia,,2264823.0,1124825478,4.1,4.7,6.7,9.4,13.0,15.8,18.2,18.2,15.2,10.3,6.4,3.9,10.5
North America,Canada,Winnipeg,49.8844,-97.1464,CA,CAN,Manitoba,,705244.0,1124224963,16.3,14.1,6.1,3.8,11.1,17.1,19.5,18.7,13.3,5.1,4.4,13.7,2.9
North America,Canada,Whitehorse,60.7029,-135.0691,CA,CAN,Yukon,,25085.0,1124348186,15.0,11.9,6.7,1.6,7.9,12.8,14.5,12.9,7.5,0.8,8.6,12.8,0.2
North America,Canada,Yellowknife,62.4709,-114.4053,CA,CAN,Northwest Territories,,19569.0,1124208917,25.5,22.7,16.6,5.5,5.3,13.8,17.1,14.5,7.6,1.0,12.6,21.8,4.0
North America,Cayman Islands,George Town,19.2866,-81.3744,KY,CYM,,primary,27704.0,1136159124,25.8,26.1,26.6,27.6,28.5,29.2,29.6,29.7,29.3,28.5,27.5,26.2,27.9
North America,Cuba,Havana,23.1367,-82.3589,CU,CUB,La Habana,primary,2141652.0,1192752771,22.2,22.4,23.7,24.8,26.1,27.0,27.6,27.9,27.4,26.1,24.5,23.0,25.2
North America,Curaçao,Willemstad,12.108,-68.935,CW,CUW,,primary,150000.0,1531000000,26.6,26.7,27.2,27.8,28.4,28.6,28.5,28.9,29.1,28.6,28.0,27.2,28.0
North America,Dominica,Roseau,15.3,-61.3833,DM,DMA,Saint George,primary,16582.0,1212060440,24.9,24.8,25.1,25.8,26.6,27.3,27.4,27.4,27.1,26.1,26.2,25.4,26.2
North America,Dominican Republic,Santo Domingo,18.4764,-69.8933,DO,DOM,Ozama,primary,2581827.0,1214636202,24.4,24.4,24.9,25.6,26.3,26.9,27.0,27.1,27.0,26.7,26.0,24.9,25.9
North America,El Salvador,San Salvador,13.6989,-89.1914,SV,SLV,San Salvador,primary,567698.0,1222647454,22.2,22.8,23.8,24.5,24.2,23.3,23.3,23.2,22.8,22.8,22.4,22.0,23.1
North America,Greenland,Nuuk,64.175,-51.7333,GL,GRL,Sermersooq,primary,18326.0,1304028354,7.4,7.8,8.0,3.8,0.6,3.9,6.5,6.1,3.5,0.7,3.7,6.2,1.4
North America,Guatemala,Flores,16.9333,-89.8833,GT,GTM,Petén,admin,144932.0,1320651129,23.0,24.4,25.7,28.2,28.8,28.2,27.6,28.0,27.9,26.6,24.9,23.6,26.4
North America,Guatemala,Guatemala City,14.6099,-90.5252,GT,GTM,Guatemala,primary,2450212.0,1320197916,17.7,20.7,20.7,23.4,23.9,21.0,20.8,21.0,20.7,20.3,19.4,17.5,20.4
North America,Honduras,La Ceiba,15.78,-86.7878,HN,HND,Atlántida,admin,196856.0,1340870189,23.8,24.0,25.6,26.8,28.2,28.0,27.5,27.6,27.4,26.2,25.2,24.3,26.2
North America,Honduras,Tegucigalpa,14.0942,-87.2067,HN,HND,Francisco Morazán,primary,1126534.0,1340344059,19.5,20.4,22.1,23.4,23.6,22.6,22.1,22.4,22.2,21.5,20.4,19.7,21.7
North America,Jamaica,Kingston,17.9714,-76.7931,JM,JAM,Kingston,primary,580000.0,1388709177,25.8,25.9,26.4,26.9,27.8,28.5,28.9,28.7,28.4,27.7,27.2,26.7,27.4
North America,Mexico,Cabo San Lucas,22.8897,-109.9156,MX,MEX,Baja California Sur,,81111.0,1484694325,19.2,19.3,20.2,22.2,23.8,25.3,28.1,29.0,28.4,26.7,23.5,20.6,23.9
North America,Mexico,Chihuahua,28.6353,-106.0889,MX,MEX,Chihuahua,admin,878062.0,1484335603,10.0,12.9,15.7,19.2,23.6,26.3,25.6,24.3,22.6,18.7,13.7,10.3,18.6
North America,Mexico,Guadalajara,20.6767,-103.3475,MX,MEX,Jalisco,admin,5253000.0,1484950208,17.1,18.4,20.7,22.8,24.5,23.9,22.0,21.9,21.8,21.0,19.2,17.5,20.9
North America,Mexico,La Paz,24.1422,-110.3108,MX,MEX,Baja California Sur,admin,244219.0,1484005187,17.4,18.1,19.7,22.1,24.5,27.1,29.7,30.2,29.3,26.2,22.0,18.6,23.7
North America,Mexico,Mexicali,32.6633,-115.4678,MX,MEX,Baja California,admin,1102342.0,1484788702,13.1,15.3,18.0,21.3,25.8,30.5,33.9,33.5,30.4,24.3,17.5,13.1,23.1
North America,Mexico,Mexico City,19.4333,-99.1333,MX,MEX,Ciudad de México,primary,20996000.0,1484247881,14.6,15.9,18.1,19.6,20.0,19.4,18.2,18.3,18.0,17.1,16.3,15.0,17.5
North America,Mexico,Monterrey,25.6667,-100.3,MX,MEX,Nuevo León,admin,4295000.0,1484559591,14.4,16.6,20.0,23.4,26.2,27.9,28.6,28.5,26.2,22.4,18.4,15.1,22.3
North America,Mexico,Tijuana,32.525,-117.0333,MX,MEX,Baja California,minor,2384609.0,1484708778,13.6,14.3,14.8,16.1,18.0,19.8,22.2,22.8,22.0,19.5,16.6,14.0,17.8
North America,Mexico,Toluca,19.2925,-99.6569,MX,MEX,México,admin,819561.0,1484124846,8.9,10.1,11.8,13.5,14.7,14.8,14.0,14.0,13.9,12.4,10.8,9.5,12.4
North America,Mexico,Veracruz,19.1903,-96.1533,MX,MEX,Veracruz,minor,552156.0,1484992153,21.5,21.9,24.0,25.8,27.8,28.1,27.5,27.6,27.2,26.2,24.2,22.6,25.4
North America,Mexico,Villahermosa,17.9892,-92.9281,MX,MEX,Tabasco,admin,640359.0,1484460894,23.6,24.5,26.6,28.5,29.6,29.3,28.9,28.9,28.4,27.1,25.7,24.1,27.1
North America,Nicaragua,Managua,12.15,-86.2667,NI,NIC,Managua,primary,1028808.0,1558296252,26.3,27.2,28.5,29.3,29.3,27.2,26.8,27.2,26.8,26.5,26.3,26.2,27.3
North America,Panama,Panama City,9.0,-79.5,PA,PAN,Panamá,primary,880691.0,1591672475,28.1,28.1,28.6,28.9,28.3,27.8,27.8,27.8,27.2,27.0,27.2,27.5,28.1
North America,Puerto Rico,San Juan,18.4037,-66.0636,PR,PRI,Puerto Rico,,323279.0,1630035577,25.3,25.5,26.1,26.8,27.7,28.5,28.6,28.7,28.6,28.1,27.0,24.8,27.2
North America,United States,Albuquerque,35.1053,-106.6464,US,USA,New Mexico,,761195.0,1840019176,3.0,5.5,9.7,13.8,18.9,24.5,26.1,24.9,21.3,14.7,7.6,2.7,14.4
North America,United States,Anchorage,61.1508,-149.1091,US,USA,Alaska,,288000.0,1840023385,8.4,5.9,3.4,3.1,8.9,13.3,15.3,14.2,9.6,2.4,4.7,7.0,3.1
North America,United States,Atlanta,33.7627,-84.4224,US,USA,Georgia,admin,5449398.0,1840013660,7.1,9.2,13.1,17.3,21.8,25.5,27.2,26.8,23.8,18.2,12.3,8.5,17.6
North America,United States,Atlanta,33.1136,-94.1672,US,USA,Texas,,5526.0,1840019407,7.1,9.2,13.1,17.3,21.8,25.5,27.2,26.8,23.8,18.2,12.3,8.5,17.6
North America,United States,Austin,30.3004,-97.7522,US,USA,Texas,admin,1687311.0,1840019590,11.2,13.4,17.1,20.9,24.9,28.3,29.9,30.3,27.1,22.0,16.1,12.0,21.1
North America,United States,Austin,43.6718,-92.9783,US,USA,Minnesota,,25626.0,1840006830,11.2,13.4,17.1,20.9,24.9,28.3,29.9,30.3,27.1,22.0,16.1,12.0,21.1
North America,United States,Baltimore,39.3051,-76.6144,US,USA,Maryland,,2106068.0,1840001592,1.3,2.6,6.8,12.8,18.0,23.1,25.7,24.6,20.7,14.1,8.3,3.7,13.4
North America,United States,Boise,43.6007,-116.2312,US,USA,Idaho,admin,389280.0,1840027142,0.1,3.1,7.3,10.5,15.5,19.9,25.2,24.3,19.1,11.8,4.6,0.1,11.8
North America,United States,Boston,42.3188,-71.0846,US,USA,Massachusetts,admin,4688346.0,1840000455,1.2,0.1,3.5,9.2,14.7,20.0,23.4,22.6,18.7,12.7,7.1,2.1,11.1
North America,United States,Boston,42.6528,-78.7555,US,USA,New York,,8042.0,1840023297,1.2,0.1,3.5,9.2,14.7,20.0,23.4,22.6,18.7,12.7,7.1,2.1,11.1
North America,United States,Charlotte,35.208,-80.8304,US,USA,North Carolina,,1512923.0,1840014557,5.6,7.6,11.5,16.2,20.6,24.8,26.7,25.9,22.6,16.6,10.8,7.1,16.3
North America,United States,Charlotte,42.5662,-84.8304,US,USA,Michigan,,12703.0,1840003107,5.6,7.6,11.5,16.2,20.6,24.8,26.7,25.9,22.6,16.6,10.8,7.1,16.3
North America,United States,Chicago,41.8373,-87.6862,US,USA,Illinois,,8604203.0,1840000494,3.2,1.2,4.4,10.5,16.6,22.2,24.8,23.9,19.9,12.9,5.8,0.3,11.3
North America,United States,Columbus,39.9862,-82.985,US,USA,Ohio,admin,1562009.0,1840003760,1.3,0.3,5.3,11.8,17.4,22.2,24.1,23.3,19.6,12.9,6.4,1.4,11.9
North America,United States,Columbus,32.51,-84.8771,US,USA,Georgia,,261445.0,1840014887,1.3,0.3,5.3,11.8,17.4,22.2,24.1,23.3,19.6,12.9,6.4,1.4,11.9
North America,United States,Columbus,39.2093,-85.9183,US,USA,Indiana,,59897.0,1840013714,1.3,0.3,5.3,11.8,17.4,22.2,24.1,23.3,19.6,12.9,6.4,1.4,11.9
North America,United States,Columbus,33.5088,-88.4096,US,USA,Mississippi,,31084.0,1840014807,1.3,0.3,5.3,11.8,17.4,22.2,24.1,23.3,19.6,12.9,6.4,1.4,11.9
North America,United States,Columbus,41.4368,-97.3563,US,USA,Nebraska,,23468.0,1840003345,1.3,0.3,5.3,11.8,17.4,22.2,24.1,23.3,19.6,12.9,6.4,1.4,11.9
North America,United States,Columbus,43.3354,-89.03,US,USA,Wisconsin,,6793.0,1840002708,1.3,0.3,5.3,11.8,17.4,22.2,24.1,23.3,19.6,12.9,6.4,1.4,11.9
North America,United States,Dallas,32.7936,-96.7662,US,USA,Texas,,5743938.0,1840019440,8.8,11.1,15.3,19.5,24.1,28.5,30.7,30.7,26.7,20.6,14.3,9.7,20.0
North America,United States,Dallas,44.9222,-123.3131,US,USA,Oregon,,17859.0,1840018590,8.8,11.1,15.3,19.5,24.1,28.5,30.7,30.7,26.7,20.6,14.3,9.7,20.0
North America,United States,Dallas,33.9153,-84.8416,US,USA,Georgia,,13981.0,1840014757,8.8,11.1,15.3,19.5,24.1,28.5,30.7,30.7,26.7,20.6,14.3,9.7,20.0
North America,United States,Dallas,41.3604,-75.9662,US,USA,Pennsylvania,,9208.0,1840000745,8.8,11.1,15.3,19.5,24.1,28.5,30.7,30.7,26.7,20.6,14.3,9.7,20.0
North America,United States,Denver,39.7621,-104.8759,US,USA,Colorado,admin,2876625.0,1840018789,0.2,0.4,5.3,8.8,14.1,20.1,23.9,22.7,18.2,10.6,4.1,0.4,10.7
North America,United States,Detroit,42.3834,-83.1024,US,USA,Michigan,,3506126.0,1840003971,3.4,2.2,2.9,9.4,15.7,21.1,23.4,22.4,18.3,11.7,5.1,0.4,10.3
North America,United States,El Paso,31.8479,-106.4309,US,USA,Texas,,843386.0,1840023252,8.1,10.8,14.8,19.2,24.1,28.8,29.1,28.3,24.9,19.3,12.5,7.8,19.0
North America,United States,Fairbanks,64.8353,-147.6534,US,USA,Alaska,,63245.0,1840023463,22.4,17.7,11.8,0.9,10.2,16.1,17.2,13.9,7.7,3.2,15.5,20.2,2.1
North America,United States,Fresno,36.7831,-119.7941,US,USA,California,,703498.0,1840020319,8.1,10.8,13.7,16.7,21.2,25.1,28.3,27.6,24.6,19.0,12.4,8.1,17.9
North America,United States,Fresno,29.5358,-95.4696,US,USA,Texas,,25072.0,1840018266,8.1,10.8,13.7,16.7,21.2,25.1,28.3,27.6,24.6,19.0,12.4,8.1,17.9
North America,United States,Houston,29.7863,-95.3889,US,USA,Texas,,5464251.0,1840020925,11.5,13.3,16.9,20.7,24.8,27.7,28.9,29.0,26.3,21.7,16.6,12.3,20.8
North America,United States,Indianapolis,39.7771,-86.1458,US,USA,Indiana,admin,1588961.0,1840030084,2.2,0.1,5.7,11.8,17.2,22.3,24.2,23.5,19.5,12.9,6.6,0.1,11.8
North America,United States,Jacksonville,30.3322,-81.6749,US,USA,Florida,,1181496.0,1840015031,11.7,13.6,16.5,19.4,23.4,26.7,27.9,27.6,25.7,21.3,16.8,12.9,20.3
North America,United States,Jacksonville,34.7288,-77.3941,US,USA,North Carolina,,108856.0,1840014653,11.7,13.6,16.5,19.4,23.4,26.7,27.9,27.6,25.7,21.3,16.8,12.9,20.3
North America,United States,Jacksonville,34.8807,-92.1302,US,USA,Arkansas,,28235.0,1840014633,11.7,13.6,16.5,19.4,23.4,26.7,27.9,27.6,25.7,21.3,16.8,12.9,20.3
North America,United States,Jacksonville,39.7292,-90.2318,US,USA,Illinois,,21685.0,1840008438,11.7,13.6,16.5,19.4,23.4,26.7,27.9,27.6,25.7,21.3,16.8,12.9,20.3
North America,United States,Jacksonville,31.9642,-95.2617,US,USA,Texas,,14815.0,1840019515,11.7,13.6,16.5,19.4,23.4,26.7,27.9,27.6,25.7,21.3,16.8,12.9,20.3
North America,United States,Jacksonville,33.8088,-85.7545,US,USA,Alabama,,12544.0,1840007433,11.7,13.6,16.5,19.4,23.4,26.7,27.9,27.6,25.7,21.3,16.8,12.9,20.3
North America,United States,Kansas City,39.1239,-94.5541,US,USA,Missouri,,1636715.0,1840008535,1.8,0.8,6.8,12.7,18.1,23.1,25.7,25.0,20.1,13.5,6.4,0.3,12.5
North America,United States,Kansas City,39.1234,-94.7443,US,USA,Kansas,,152960.0,1840001626,1.8,0.8,6.8,12.7,18.1,23.1,25.7,25.0,20.1,13.5,6.4,0.3,12.5
North America,United States,Las Vegas,36.2333,-115.2654,US,USA,Nevada,,2104198.0,1840020364,8.8,11.1,15.0,19.1,24.7,29.9,33.2,32.1,27.6,20.4,13.1,8.2,20.3
North America,United States,Las Vegas,35.6011,-105.2206,US,USA,New Mexico,,14662.0,1840020397,8.8,11.1,15.0,19.1,24.7,29.9,33.2,32.1,27.6,20.4,13.1,8.2,20.3
North America,United States,Lake Havasu City,34.5006,-114.3113,US,USA,Arizona,,56820.0,1840021044,12.2,14.6,18.1,22.4,27.9,32.7,36.1,35.5,31.3,24.1,17.0,11.7,23.7
North America,United States,Los Angeles,34.1139,-118.4068,US,USA,California,,12750807.0,1840020491,14.4,14.9,15.9,17.3,18.8,20.7,22.9,23.5,22.8,20.3,16.9,14.2,18.6
North America,United States,Louisville,38.1663,-85.6485,US,USA,Kentucky,,1005654.0,1840030815,1.1,3.3,8.3,13.9,18.9,23.7,25.7,25.2,21.1,14.8,8.7,2.7,13.9
North America,United States,Louisville,39.9709,-105.1441,US,USA,Colorado,,20816.0,1840020179,1.1,3.3,8.3,13.9,18.9,23.7,25.7,25.2,21.1,14.8,8.7,2.7,13.9
North America,United States,Louisville,40.8371,-81.2643,US,USA,Ohio,,9360.0,1840000964,1.1,3.3,8.3,13.9,18.9,23.7,25.7,25.2,21.1,14.8,8.7,2.7,13.9
North America,United States,Louisville,33.1224,-89.0553,US,USA,Mississippi,,5983.0,1840015745,1.1,3.3,8.3,13.9,18.9,23.7,25.7,25.2,21.1,14.8,8.7,2.7,13.9
North America,United States,Memphis,35.1046,-89.9773,US,USA,Tennessee,,1066967.0,1840015457,5.2,7.5,12.2,17.2,22.1,26.4,28.2,27.8,24.0,17.8,11.8,6.4,17.2
North America,United States,Memphis,27.5435,-82.5607,US,USA,Florida,,9647.0,1840014172,5.2,7.5,12.2,17.2,22.1,26.4,28.2,27.8,24.0,17.8,11.8,6.4,17.2
North America,United States,Miami,25.7839,-80.2102,US,USA,Florida,,6445545.0,1840015149,19.9,21.1,22.4,24.2,26.5,28.1,28.8,28.9,28.2,26.4,23.7,21.2,24.9
North America,United States,Miami,36.8877,-94.8718,US,USA,Oklahoma,,15571.0,1840020346,19.9,21.1,22.4,24.2,26.5,28.1,28.8,28.9,28.2,26.4,23.7,21.2,24.9
North America,United States,Milwaukee,43.0642,-87.9673,US,USA,Wisconsin,,1365787.0,1840003046,5.2,3.2,1.9,7.8,13.3,19.2,22.3,21.7,17.4,10.9,4.1,2.9,8.9
North America,United States,Minneapolis,44.9635,-93.2678,US,USA,Minnesota,,2977172.0,1840007830,9.1,6.2,0.4,8.6,15.1,20.4,23.2,21.7,16.7,9.4,0.9,6.8,7.8
North America,United States,Nashville,36.1715,-86.7843,US,USA,Tennessee,admin,1081903.0,1840036155,3.4,5.7,10.3,15.3,20.0,24.6,26.6,26.2,22.2,16.0,10.2,4.9,15.4
North America,United States,Nashville,35.9692,-77.9555,US,USA,North Carolina,,5554.0,1840016167,3.4,5.7,10.3,15.3,20.0,24.6,26.6,26.2,22.2,16.0,10.2,4.9,15.4
North America,United States,New Orleans,30.0687,-89.9288,US,USA,Louisiana,,1020886.0,1840001839,11.6,13.4,16.8,20.3,24.6,27.2,28.2,28.2,26.2,21.6,16.8,12.9,20.7
North America,United States,New York,40.6943,-73.9249,US,USA,New York,,18713220.0,1840034016,0.6,2.1,6.1,11.9,17.1,22.1,24.9,24.3,20.2,14.1,8.9,3.3,12.9
North America,United States,Omaha,41.2627,-96.0522,US,USA,Nebraska,,847819.0,1840009315,4.6,2.1,4.2,10.9,16.9,22.3,24.8,23.7,18.8,11.8,3.8,3.3,10.6
North America,United States,Palm Springs,26.6349,-80.0968,US,USA,Florida,,25216.0,1840018308,16.3,18.1,20.7,23.7,26.8,30.7,33.8,33.6,30.5,24.9,19.2,15.7,24.5
North America,United States,Palm Springs,33.8017,-116.5382,US,USA,California,,48518.0,1840020556,16.3,18.1,20.7,23.7,26.8,30.7,33.8,33.6,30.5,24.9,19.2,15.7,24.5
North America,United States,Philadelphia,40.0077,-75.1339,US,USA,Pennsylvania,,5649300.0,1840000673,0.5,2.0,6.4,12.2,17.7,22.9,25.6,24.7,20.6,14.2,8.7,3.0,13.2
North America,United States,Philadelphia,32.7761,-89.1221,US,USA,Mississippi,,7345.0,1840014869,0.5,2.0,6.4,12.2,17.7,22.9,25.6,24.7,20.6,14.2,8.7,3.0,13.2
North America,United States,Phoenix,33.5722,-112.0891,US,USA,Arizona,admin,4219697.0,1840020568,13.6,15.4,18.5,22.7,27.8,32.7,34.9,34.2,31.3,24.8,17.9,13.1,23.9
North America,United States,Pittsburgh,40.4396,-79.9762,US,USA,Pennsylvania,,1703266.0,1840001254,1.9,0.4,4.3,10.6,15.7,20.5,22.7,22.0,17.9,11.6,6.2,0.3,10.8
North America,United States,Sacramento,38.5667,-121.4683,US,USA,California,admin,1898019.0,1840021491,8.1,10.6,12.7,15.0,18.8,22.1,24.2,23.8,22.1,17.9,11.9,8.0,16.3
North America,United States,San Antonio,29.4658,-98.5253,US,USA,Texas,,2049293.0,1840022220,11.0,13.1,16.8,20.8,25.0,28.1,29.3,29.7,26.6,21.8,16.2,11.6,20.8
North America,United States,San Diego,32.8312,-117.1225,US,USA,California,,3220118.0,1840021990,14.2,14.7,15.5,16.8,18.1,19.4,21.4,22.2,21.7,19.6,16.6,13.9,17.8
North America,United States,San Jose,37.3019,-121.8486,US,USA,California,,1798103.0,1840021570,10.8,12.5,13.8,15.2,17.8,20.2,21.6,21.8,20.7,17.9,13.9,10.6,16.4
North America,United States,Seattle,47.6211,-122.3244,US,USA,Washington,,3789215.0,1840021117,5.4,6.2,7.9,10.1,13.2,15.9,18.6,18.8,16.2,11.4,7.4,4.7,11.3
North America,United States,St. Louis,38.6358,-90.2451,US,USA,Missouri,,2024074.0,1840001651,0.1,2.4,7.9,14.1,19.3,24.4,26.7,25.9,21.3,14.8,8.2,1.6,13.9
North America,United States,St. Louis,43.4082,-84.6118,US,USA,Michigan,,7265.0,1840002878,0.1,2.4,7.9,14.1,19.3,24.4,26.7,25.9,21.3,14.8,8.2,1.6,13.9
North America,United States,Tampa,27.9942,-82.4451,US,USA,Florida,,2908063.0,1840015982,15.9,17.3,19.5,22.1,25.7,27.8,28.2,28.3,27.5,24.4,20.6,17.2,22.9
North America,United States,Tucson,32.1545,-110.8782,US,USA,Arizona,,888486.0,1840022101,11.6,13.1,15.8,19.7,24.6,29.6,30.8,29.8,27.7,21.9,15.6,11.3,20.9
North America,United States,Wichita,37.6896,-97.3442,US,USA,Kansas,,482249.0,1840001686,0.1,2.9,8.1,13.4,18.9,24.3,27.3,26.7,21.7,14.6,7.4,0.9,13.9
Oceania,Australia,Adelaide,-34.9289,138.6011,AU,AUS,South Australia,admin,1345777.0,1036538171,23.8,23.6,21.0,17.9,14.6,12.3,11.7,12.4,14.6,17.1,19.8,21.7,17.5
Oceania,Australia,Alice Springs,-23.7,133.8667,AU,AUS,Northern Territory,,31120.0,1036830397,29.7,28.5,25.7,21.1,15.8,12.4,12.3,14.7,20.0,23.4,26.4,28.2,21.5
Oceania,Australia,Brisbane,-27.4678,153.0281,AU,AUS,Queensland,admin,2514184.0,1036192929,25.8,25.7,24.5,22.3,19.1,16.8,16.0,17.0,19.7,21.7,23.5,24.8,21.4
Oceania,Australia,Burnie,-41.0636,145.8753,AU,AUS,Tasmania,,19385.0,1036394657,17.0,17.3,16.1,14.0,11.9,10.2,9.4,9.7,10.6,12.0,13.9,15.4,13.1
Oceania,Australia,Cairns,-16.9303,145.7703,AU,AUS,Queensland,,152729.0,1036016939,27.9,27.8,27.2,25.8,24.1,22.6,21.7,22.2,23.8,25.4,26.8,27.8,25.3
Oceania,Australia,Canberra,-35.2931,149.1269,AU,AUS,Australian Capital Territory,primary,426704.0,1036142029,21.4,20.8,17.9,13.7,10.0,7.3,6.2,7.5,10.4,13.4,16.5,19.3,13.7
Oceania,Australia,Darwin,-12.4381,130.8411,AU,AUS,Northern Territory,admin,136828.0,1036497565,28.5,28.4,28.6,28.6,27.3,25.5,25.2,25.8,28.0,29.3,29.5,29.2,27.8
Oceania,Australia,Hobart,-42.8806,147.325,AU,AUS,Tasmania,admin,240342.0,1036679838,17.9,17.5,16.2,13.7,11.5,9.1,8.9,9.7,11.3,13.0,14.6,16.3,13.3
Oceania,Australia,Launceston,-41.4419,147.145,AU,AUS,Tasmania,,87328.0,1036170383,18.7,18.6,16.5,13.2,10.4,8.1,7.7,8.7,10.5,12.6,14.8,16.8,13.1
Oceania,Australia,Melbourne,-37.8136,144.9631,AU,AUS,Victoria,admin,5078193.0,1036533631,20.6,20.6,18.6,15.4,12.5,10.2,9.6,10.4,12.1,14.3,16.6,18.5,14.9
Oceania,Australia,Perth,-31.9522,115.8589,AU,AUS,Western Australia,admin,2059484.0,1036178956,24.5,24.9,23.1,19.7,16.5,14.0,13.0,13.5,14.8,17.3,20.3,22.7,18.7
Oceania,Australia,Sydney,-33.865,151.2094,AU,AUS,New South Wales,admin,5312163.0,1036074917,23.5,23.4,22.1,19.5,16.6,14.2,13.4,14.5,17.0,18.9,20.4,22.1,18.8
Oceania,Chile,Hanga Roa,-27.1492,-109.4323,CL,CHL,Valparaíso,minor,7163.0,1152267672,23.3,23.7,23.1,21.9,20.1,18.9,18.0,17.9,18.3,19.0,20.4,21.8,20.5
Oceania,Fiji,Suva,-18.1333,178.4333,FJ,FJI,Rewa,primary,88271.0,1242615095,27.4,27.6,26.4,26.6,25.4,24.6,23.8,23.7,24.1,25.1,26.1,26.9,25.6
Oceania,New Zealand,Alexandra,-45.2492,169.3797,NZ,NZL,Otago,,5790.0,1554972985,18.0,17.4,14.9,10.9,7.6,3.6,2.9,6.0,9.3,11.7,14.0,16.3,11.0
Oceania,New Zealand,Auckland,-36.85,174.7833,NZ,NZL,Auckland,admin,1470100.0,1554435911,19.1,19.7,18.4,16.1,14.0,11.8,10.9,11.3,12.7,14.2,15.7,17.8,15.2
Oceania,New Zealand,Christchurch,-43.5309,172.6365,NZ,NZL,Canterbury,admin,377200.0,1554377228,17.5,17.2,15.5,12.7,9.8,7.1,6.6,7.9,10.3,12.2,14.1,16.1,12.2
Oceania,New Zealand,Dunedin,-45.8667,170.5,NZ,NZL,Otago,admin,106200.0,1554475997,15.3,15.0,13.7,11.7,9.3,7.3,6.6,7.7,9.5,10.9,12.4,13.9,11.1
Oceania,New Zealand,Hamilton,-37.7833,175.2833,NZ,NZL,Waikato,admin,169300.0,1554873040,18.4,18.8,17.1,14.5,11.9,9.5,8.9,9.8,11.6,13.2,14.9,16.9,13.8
Oceania,New Zealand,Napier,-39.4833,176.9167,NZ,NZL,Hawke’s Bay,admin,62241.0,1554064936,19.5,19.4,17.7,15.0,12.4,10.0,9.4,10.3,12.3,14.3,16.1,18.4,14.6
Oceania,New Zealand,Palmerston North,-40.3549,175.6095,NZ,NZL,Manawatu-Wanganui,admin,81500.0,1554138183,17.8,18.3,16.4,13.6,11.4,9.1,8.6,9.2,11.0,12.4,13.8,16.2,13.2
Oceania,New Zealand,Tauranga,-37.6858,176.1667,NZ,NZL,Bay of Plenty,,135000.0,1554759867,19.4,19.6,18.0,15.5,13.2,10.8,10.2,10.7,12.3,13.9,15.8,18.0,14.8
Oceania,New Zealand,Wellington,-41.2889,174.7772,NZ,NZL,Wellington,primary,418500.0,1554772152,16.9,17.2,15.8,13.7,11.7,9.7,8.9,9.4,10.8,12.0,13.5,15.4,12.9
Oceania,Papua New Guinea,Port Moresby,-9.4789,147.1494,PG,PNG,National Capital,primary,364125.0,1598685395,27.4,27.3,27.1,27.0,26.9,26.1,25.7,26.1,26.5,27.5,27.6,27.8,26.9
Oceania,Solomon Islands,Honiara,-9.4333,159.95,SB,SLB,Honiara,primary,84520.0,1090737486,26.7,26.6,26.6,26.5,26.6,26.4,26.1,26.2,26.5,26.5,26.7,26.8,26.5
Oceania,United States,Honolulu,21.3294,-157.846,US,USA,Hawaii,admin,820987.0,1840013305,22.9,22.9,23.7,24.6,25.6,26.8,27.4,27.8,27.6,26.8,25.4,23.8,25.4
South America,Argentina,Buenos Aires,-34.5997,-58.3819,AR,ARG,"Buenos Aires, Ciudad Autónoma de",primary,16157000.0,1032717330,24.9,23.6,21.9,17.9,14.5,11.7,11.0,12.8,14.6,17.9,20.7,23.3,17.9
South America,Argentina,Comodoro Rivadavia,-45.8667,-67.5,AR,ARG,Chubut,minor,730266.0,1032042035,19.7,18.8,16.3,13.1,9.6,6.9,6.6,7.9,10.1,13.0,15.9,18.2,13.0
South America,Argentina,Mar del Plata,-38.0,-57.55,AR,ARG,Buenos Aires,minor,593337.0,1032456103,20.4,19.8,18.2,14.5,11.2,8.4,7.5,8.8,10.4,13.3,15.9,18.5,13.9
South America,Argentina,Mendoza,-32.8833,-68.8333,AR,ARG,Mendoza,admin,114822.0,1032433516,25.5,24.0,21.3,16.2,11.8,8.4,7.9,10.6,13.9,18.8,22.2,24.9,17.1
South America,Argentina,Resistencia,-27.4514,-58.9867,AR,ARG,Chaco,admin,291720.0,1032720891,26.8,25.9,24.6,21.2,17.6,15.4,14.8,16.7,18.5,21.8,23.6,25.8,21.1
South America,Argentina,Rosario,-32.9575,-60.6394,AR,ARG,Santa Fe,minor,1193605.0,1032770677,24.6,23.2,21.4,17.3,13.8,10.7,10.0,12.1,14.5,18.1,21.0,23.4,17.5
South America,Argentina,Salta,-24.7883,-65.4106,AR,ARG,Salta,admin,535303.0,1032926124,21.4,20.3,19.5,16.6,13.1,10.6,10.1,12.7,15.1,19.1,20.5,21.5,16.7
South America,Argentina,San Juan,-31.5375,-68.5364,AR,ARG,San Juan,admin,471389.0,1032869625,27.1,25.5,22.8,17.2,12.2,8.3,7.7,10.6,14.4,19.8,23.4,26.3,17.9
South America,Argentina,Santiago del Estero,-27.7844,-64.2669,AR,ARG,Santiago del Estero,admin,252192.0,1032492280,26.7,25.5,23.8,19.8,16.1,12.7,12.2,15.3,18.5,22.7,24.8,26.5,20.4
South America,Argentina,Ushuaia,-54.8072,-68.3044,AR,ARG,"Tierra del Fuego, Antártida e Islas del Atlántico Sur",admin,56956.0,1032847885,9.6,9.3,7.7,5.7,3.2,1.7,1.3,2.2,4.1,6.2,7.8,9.1,5.7
South America,Argentina,Viedma,-40.8,-63.0,AR,ARG,Río Negro,admin,59122.0,1032613063,22.1,20.8,18.3,13.8,9.9,7.2,6.6,8.2,10.5,14.3,17.7,20.6,14.2
South America,Bolivia,La Paz,-16.4942,-68.1475,BO,BOL,La Paz,primary,2867504.0,1068000064,9.3,9.0,8.9,8.8,8.2,7.3,6.8,8.2,8.7,10.0,10.5,9.7,8.8
South America,Bolivia,Sucre,-19.0431,-65.2592,BO,BOL,Chuquisaca,primary,300000.0,1068823873,16.2,15.7,15.8,15.5,14.9,13.8,13.9,14.9,16.2,16.9,17.3,16.7,15.6
South America,Brazil,Belo Horizonte,-19.9281,-43.9419,BR,BRA,Minas Gerais,admin,5159000.0,1076967355,22.8,23.0,22.9,21.7,19.6,18.5,18.0,19.7,21.1,21.7,22.2,22.2,21.1
South America,Brazil,Curitiba,-25.4297,-49.2719,BR,BRA,Paraná,admin,1879355.0,1076701712,20.4,20.6,19.6,17.2,14.5,13.1,12.9,14.1,15.0,16.5,18.2,19.3,16.8
South America,Brazil,Fortaleza,-3.7275,-38.5275,BR,BRA,Ceará,admin,2452185.0,1076567885,27.1,26.9,26.4,26.2,26.2,25.8,25.6,26.0,26.4,26.9,27.2,27.3,26.6
South America,Brazil,Manaus,-3.1,-60.0167,BR,BRA,Amazonas,admin,1802014.0,1076607274,26.1,25.9,26.0,26.2,26.2,26.4,26.5,27.3,27.7,27.7,27.2,26.6,26.7
South America,Brazil,Porto Alegre,-30.0328,-51.23,BR,BRA,Rio Grande do Sul,admin,1484941.0,1076658221,24.6,24.6,23.1,19.9,16.9,14.3,14.4,15.2,16.8,19.1,21.2,23.3,19.5
South America,Brazil,Recife,-8.0539,-34.8808,BR,BRA,Pernambuco,admin,1555039.0,1076137337,26.5,26.5,26.4,25.9,25.2,24.5,23.9,23.9,24.6,25.5,26.1,26.4,25.5
South America,Brazil,Rio de Janeiro,-22.9083,-43.1964,BR,BRA,Rio de Janeiro,admin,12272000.0,1076887657,26.3,26.6,26.0,24.4,22.8,21.8,21.3,21.8,22.2,22.9,24.0,25.3,23.8
South America,Brazil,Salvador,-12.9708,-38.5108,BR,BRA,Bahia,admin,2886698.0,1076923789,26.4,26.5,26.6,26.2,25.2,24.3,23.7,23.6,24.3,25.1,25.5,25.9,25.3
South America,Chile,Antofagasta,-23.6464,-70.398,CL,CHL,Antofagasta,admin,348517.0,1152734289,20.2,20.0,19.1,17.1,15.5,14.2,13.7,14.0,14.7,15.8,17.3,18.9,16.7
South America,Chile,La Serena,-29.9027,-71.252,CL,CHL,Coquimbo,admin,195382.0,1152155065,17.1,16.9,15.6,13.7,12.3,10.9,10.7,10.9,11.6,12.9,14.6,16.1,13.6
South America,Chile,Puerto Montt,-41.4718,-72.9396,CL,CHL,Los Lagos,admin,169736.0,1152443957,17.3,19.9,14.5,10.5,8.0,4.9,1.5,3.0,8.2,9.7,13.5,15.3,10.5
South America,Chile,Punta Arenas,-53.1627,-70.9081,CL,CHL,Magallanes y de la Antártica Chilena,admin,123403.0,1152262933,10.8,10.3,8.5,6.2,3.7,1.5,1.4,2.3,4.2,6.4,8.4,9.9,6.1
South America,Chile,Santiago,-33.45,-70.6667,CL,CHL,Región Metropolitana,primary,7007000.0,1152554349,21.2,20.3,18.2,14.4,10.9,9.0,8.2,9.8,12.0,15.0,17.7,20.1,14.7
South America,Colombia,Barranquilla,10.9639,-74.7964,CO,COL,Atlántico,admin,1274250.0,1170179113,26.5,26.7,27.0,27.5,28.1,28.1,27.9,27.9,27.6,27.2,27.4,26.9,27.4
South America,Colombia,Cali,3.44,-76.5197,CO,COL,Valle del Cauca,admin,2471474.0,1170417589,23.9,23.8,24.1,24.0,24.1,23.7,23.8,23.9,24.1,24.1,24.0,23.8,23.9
South America,Colombia,Valledupar,10.4603,-73.2597,CO,COL,Cesar,admin,544134.0,1170481949,30.4,30.5,30.3,30.2,29.7,29.8,29.9,29.8,29.3,28.8,29.0,29.7,29.8
South America,Ecuador,Guayaquil,-2.1833,-79.8833,EC,ECU,Guayas,admin,2723665.0,1218802178,27.1,27.3,28.0,27.8,26.9,25.7,25.0,25.2,25.5,25.6,26.2,27.1,26.5
South America,Ecuador,Quito,-0.2186,-78.5097,EC,ECU,Pichincha,primary,2011388.0,1218441993,14.2,14.0,14.3,14.3,14.5,14.5,14.6,15.0,14.8,14.3,14.3,14.4,14.4
South America,French Guiana,Cayenne,4.933,-52.33,GF,GUF,,primary,61550.0,1254304969,26.2,26.3,26.5,26.8,26.7,26.6,26.6,27.0,27.2,27.3,27.0,26.6,26.7
South America,Guyana,Georgetown,6.7833,-58.1667,GY,GUY,Demerara-Mahaica,primary,200500.0,1328160906,26.1,26.4,26.7,27.0,26.8,26.5,26.6,27.0,27.5,27.6,27.2,26.4,26.8
South America,Peru,Cusco,-13.5183,-71.9781,PE,PER,Cusco,admin,428450.0,1604162901,12.9,12.7,12.8,12.7,12.0,11.4,10.8,11.5,12.7,13.6,13.6,13.2,12.5
South America,Peru,Lima,-12.05,-77.0333,PE,PER,Lima,primary,9848000.0,1604728603,22.1,22.7,22.2,20.6,18.8,17.5,16.7,16.2,16.4,17.3,18.7,20.7,19.2
South America,Peru,Piura,-5.2008,-80.6253,PE,PER,Piura,admin,473025.0,1604331641,26.8,27.8,27.8,26.6,24.5,22.9,21.8,21.9,22.3,22.9,23.6,25.2,24.5
South America,Suriname,Paramaribo,5.8667,-55.1667,SR,SUR,Paramaribo,primary,223757.0,1740518660,26.0,26.0,26.2,26.7,26.5,26.5,26.7,27.4,27.8,27.9,27.3,26.4,26.8
South America,Uruguay,Montevideo,-34.8667,-56.1667,UY,URY,Montevideo,primary,1319108.0,1858107000,23.0,22.5,20.6,17.2,14.0,11.1,10.9,11.7,13.4,16.0,18.6,21.3,16.7
South America,Venezuela,Caracas,10.5,-66.9333,VE,VEN,Distrito Capital,primary,1943901.0,1862748204,20.2,20.8,21.7,22.7,23.2,22.6,22.2,22.3,22.7,22.4,22.0,20.7,22.0
South America,Venezuela,Maracaibo,10.6333,-71.6333,VE,VEN,Zulia,admin,1551539.0,1862072711,27.7,28.0,28.6,29.0,29.1,29.3,29.5,29.6,29.1,28.3,28.3,27.9,28.7
Africa,Cameroon,Ngaoundéré,7.3214,13.5839,CM,CMR,Adamaoua,admin,189800.0,1120011020,20.5,22.2,24.1,24.1,23.1,22.1,21.5,22.5,21.7,22.1,20.9,20.4,22.0
Africa,Cameroon,Yaoundé,3.8578,11.5181,CM,CMR,Centre,primary,2440462.0,1120298240,23.7,25.3,25.0,24.6,24.1,23.4,22.6,23.0,23.1,23.3,23.7,23.7,23.8
Africa,Cape Verde,Praia,14.9177,-23.5092,CV,CPV,Praia,primary,127832.0,1132398770,22.4,22.2,22.9,23.4,24.0,24.9,25.4,26.2,26.8,26.4,25.4,23.4,24.4
Africa,Chad,Abéché,13.8331,20.8347,TD,TCD,Ouaddaï,admin,76492.0,1148461151,26.8,28.1,31.2,33.3,33.2,32.2,28.7,27.0,28.4,30.0,28.5,25.9,29.4
Africa,Mali,Ségou,13.45,-6.2667,ML,MLI,Ségou,admin,133501.0,1466684950,25.3,28.2,31.5,34.0,34.1,31.9,28.9,27.6,28.4,30.1,29.0,26.2,29.6
Africa,Senegal,Thiès,14.7833,-16.9167,SN,SEN,Thiès,admin,293001.0,1686527948,21.0,21.0,21.0,22.0,24.0,26.0,27.0,27.0,27.0,27.0,26.0,23.0,24.0
Africa,Somalia,Boosaaso,11.28,49.18,SO,SOM,Bari,admin,46969.0,1706054548,25.0,25.0,26.7,28.8,31.1,35.6,35.6,36.1,33.3,27.8,25.6,25.6,30.0
Africa,Somalia,Hargeysa,9.56,44.065,SO,SOM,Woqooyi Galbeed,admin,,1706832021,17.7,18.7,21.6,23.0,24.1,24.3,23.6,23.6,23.6,24.1,18.7,18.0,21.7
Africa,Togo,Lomé,6.1319,1.2228,TG,TGO,Maritime,primary,837437.0,1768409132,27.1,28.2,28.5,28.2,27.4,26.2,25.3,25.2,25.8,26.6,27.3,27.1,26.9
Africa,Tunisia,Gabès,33.8814,10.0983,TN,TUN,Gabès,admin,116323.0,1788064276,12.0,13.3,15.1,17.7,20.8,24.0,26.6,27.4,25.6,21.7,16.8,13.0,19.5
Asia,China,Ürümqi,43.8225,87.6125,CN,CHN,Xinjiang,admin,3112559.0,1156051276,12.1,9.3,0.5,10.4,17.0,21.8,23.9,22.7,17.0,8.4,1.5,9.4,7.4
Asia,East Timor,Dili,-8.5586,125.5736,TL,TLS,Díli,primary,222323.0,1626308942,27.7,27.6,27.4,27.4,27.0,26.8,25.5,25.1,25.4,26.0,27.2,27.4,26.6
Asia,Maldives,Male,4.175,73.5083,MV,MDV,Maale,primary,133019.0,1462441685,27.7,28.0,28.5,28.9,28.6,28.2,28.0,27.8,27.6,27.6,27.7,27.5,28.0
Asia,Myanmar,Nyaungdon,17.0433,95.6429,MM,MMR,Ayeyawady,,36172.0,1104318813,25.0,26.3,28.6,30.6,29.6,27.4,26.9,26.9,27.4,27.9,27.4,25.4,27.5
Asia,Philippines,Ambaguio,16.5316,121.0282,PH,PHL,Nueva Vizcaya,,15250.0,1608849107,18.1,18.5,19.7,20.7,20.6,20.4,19.6,19.3,19.6,19.6,19.5,18.8,19.5
Asia,Turkey,İzmir,38.4127,27.1384,TR,TUR,İzmir,admin,4320519.0,1792725579,8.9,9.5,11.7,15.9,20.8,25.6,28.0,27.7,23.7,18.8,14.0,10.6,17.9
Europe,Iceland,Reykjavík,64.1475,-21.935,IS,ISL,,primary,128793.0,1352327190,0.5,0.4,0.5,2.9,6.3,9.0,10.6,10.3,7.4,4.4,1.1,0.2,4.3
Europe,North Macedonia,Skopje,41.9833,21.4333,MK,MKD,Skopje,primary,640000.0,1807600615,0.1,2.6,7.6,12.1,17.3,21.5,23.8,23.8,18.8,13.1,6.5,1.7,12.4
Europe,Norway,Tromsø,69.6546,18.9637,NO,NOR,Troms,admin,38980.0,1578188822,3.8,3.7,2.3,0.7,5.1,9.2,11.8,10.9,6.9,3.2,0.6,2.7,2.9
Europe,Poland,Kraków,50.0614,19.9372,PL,POL,Małopolskie,admin,766739.0,1616172264,1.0,0.4,4.1,9.8,14.6,18.3,20.0,19.2,14.1,9.2,4.4,0.2,9.3
Europe,Poland,Suwałki,54.0833,22.9333,PL,POL,Podlaskie,minor,69626.0,1616523627,3.3,2.6,0.9,7.3,12.6,15.9,18.1,17.4,12.5,7.0,2.3,1.6,7.2
Europe,Poland,Wrocław,51.11,17.0325,PL,POL,Dolnośląskie,admin,638586.0,1616108520,0.0,1.1,4.3,9.7,14.3,17.7,19.7,19.3,14.5,9.6,4.8,1.1,9.6
Europe,Switzerland,Zürich,47.3786,8.54,CH,CHE,Zürich,admin,434008.0,1756539143,0.3,1.3,5.3,8.8,13.3,16.4,18.6,18.0,14.1,9.9,4.4,1.4,9.3
North America,Antigua and Barbuda,Saint John’s,17.1211,-61.8447,AG,ATG,Saint John,primary,21926.0,1028912067,25.4,25.2,25.6,26.3,27.2,27.9,28.2,28.3,28.1,27.5,26.8,25.9,26.9
North America,The Bahamas,Nassau,25.0667,-77.3333,BS,BHS,,primary,274400.0,1044318561,21.1,21.1,22.2,23.4,25.3,26.9,27.9,27.9,27.3,25.9,23.8,21.9,24.6
North America,Costa Rica,San José,9.9333,-84.0833,CR,CRI,San José,primary,288054.0,1188749877,22.6,23.0,23.5,23.7,22.9,22.5,22.6,22.4,22.0,21.8,21.9,22.3,22.6
North America,United States,Portland,45.5372,-122.65,US,USA,Oregon,,2074775.0,1840019941,5.2,6.6,8.9,11.3,14.6,17.6,20.7,20.9,18.1,12.7,8.1,4.7,12.4
Oceania,Vanuatu,Port-Vila,-17.7333,168.3167,VU,VUT,Shefa,primary,51437.0,1548805075,26.4,26.5,26.3,25.3,24.1,23.0,22.1,22.0,22.7,23.4,24.6,25.7,24.3
South America,Argentina,Bahía Blanca,-38.7167,-62.2667,AR,ARG,Buenos Aires,minor,299101.0,1032795766,23.6,22.1,19.4,14.9,11.1,8.1,7.5,9.4,11.6,15.1,18.7,22.0,15.3
South America,Argentina,Córdoba,-31.4167,-64.1833,AR,ARG,Córdoba,admin,1329604.0,1032803249,24.9,23.1,21.7,18.0,14.5,11.4,10.8,13.3,15.7,19.5,21.8,23.7,18.2
South America,Argentina,Neuquén,-38.9573,-68.0455,AR,ARG,Neuquén,admin,231198.0,1032525768,23.7,22.3,18.9,13.4,9.2,6.6,5.8,8.1,11.4,15.6,19.4,22.4,14.7
South America,Argentina,Río Gallegos,-51.6333,-69.2333,AR,ARG,Santa Cruz,admin,95796.0,1032471024,13.8,13.2,10.8,7.6,4.2,1.4,1.2,3.1,5.7,8.4,11.1,12.8,7.8
South America,Brazil,Belém,-1.4558,-48.5039,BR,BRA,Pará,admin,1499641.0,1076646823,25.6,25.4,25.5,25.6,25.8,26.0,25.7,26.0,26.0,26.4,26.5,26.2,25.9
South America,Brazil,Brasília,-15.7939,-47.8828,BR,BRA,Distrito Federal,primary,3015268.0,1076144436,21.2,21.3,21.5,20.9,19.6,18.5,18.3,20.3,21.7,21.6,21.1,21.0,20.6
South America,Brazil,Campos do Jordão,-22.7394,-45.5914,BR,BRA,São Paulo,,50852.0,1076353308,17.3,17.5,16.7,14.7,11.9,10.1,9.5,11.3,13.4,14.9,15.9,16.6,14.2
South America,Brazil,Florianópolis,-27.5933,-48.553,BR,BRA,Santa Catarina,admin,477798.0,1076190259,24.9,25.1,24.5,22.2,19.2,17.2,16.4,17.0,18.3,20.3,22.2,24.0,20.9
South America,Brazil,Goiânia,-16.6806,-49.2564,BR,BRA,Goiás,admin,1393575.0,1076034054,23.8,23.8,24.0,23.6,22.2,20.9,20.9,23.0,24.5,24.6,24.1,23.5,23.2
South America,Brazil,São Joaquim,-28.2939,-49.9319,BR,BRA,Santa Catarina,,27139.0,1076398960,16.8,17.1,15.9,13.2,11.4,9.7,9.8,10.7,12.0,12.8,14.4,16.0,13.3
South America,Brazil,São Paulo,-23.5504,-46.6339,BR,BRA,São Paulo,admin,22046000.0,1076532519,22.1,22.4,21.8,19.7,17.4,16.3,15.8,17.1,17.9,19.0,20.2,21.1,19.2
South America,Brazil,Vitória,-20.3189,-40.3378,BR,BRA,Espírito Santo,admin,355875.0,1076376829,26.9,27.4,27.1,25.9,24.0,22.8,22.4,22.6,23.2,24.3,24.9,26.0,24.8
South America,Chile,Concepción,-36.82,-73.0445,CL,CHL,Biobío,admin,889725.0,1152838958,16.5,15.9,14.5,12.3,10.7,9.5,8.8,9.3,10.2,11.9,13.8,15.6,12.4
South America,Colombia,Bogotá,4.6126,-74.0705,CO,COL,Bogotá,primary,9464000.0,1170483426,14.3,14.5,14.9,14.9,15.0,14.5,14.6,14.1,14.3,14.3,14.4,14.6,14.4
South America,Colombia,Medellín,6.2447,-75.5748,CO,COL,Antioquia,admin,2529403.0,1170680389,22.4,22.7,22.7,22.4,22.6,22.9,23.1,23.1,22.4,21.8,21.8,21.9,22.5
South America,Paraguay,Asunción,-25.3,-57.6333,PY,PRY,Asunción,primary,1870000.0,1600057911,27.5,26.9,25.9,22.8,19.8,17.6,17.9,18.6,20.5,23.2,24.9,26.5,22.7
